Website,Code
https://webapp4-qa.asu.edu/programs/t5/majorinfo/ASU00/LAGCUMIN/undergrad/true,
302
https://webapp4-qa.asu.edu/programs/t5/programs/Letter/G/undergrad/false,
302
https://asunews.asu.edu/20150304-asu-human-fossil-discovery,
200
https://schoolofsustainability.asu.edu/degrees/graduate-courses/,
200
http://fullcircle.asu.edu/alumni/asu-alumni-build-masterpiece-for-alma-mater-2/,
200
https://publicservice.asu.edu/giving,
200
https://webapp4-qa.asu.edu/programs/t5/majorinfo/ASU00/LAARBCERT/undergrad/true,
302
https://www.adaptivecurriculum.com/us/,
200
https://webapp4-qa.asu.edu/programs/t5/programs/Letter/A/undergrad/false,
302
https://webapp4-qa.asu.edu/programs/t5/programs/Letter/S/undergrad/false,
302
https://chs.asu.edu/#,
200
https://webapp4-qa.asu.edu/programs/t5/programs/Letter/M/undergrad/false,
302
https://webapp4-qa.asu.edu/programs/t5/programs/Letter/Y/undergrad/false,
302
https://webapp4-qa.asu.edu/programs/t5/majorinfo/ASU00/ARINTMIN/undergrad/true,
302
https://transfer.asu.edu/asuonline,
200
http://www.facebook.com/asupolytechnic,
302
http://students.asu.edu/employment,
301
http://barretthonors.asu.edu/about/,
200
https://webapp4-qa.asu.edu/programs/t5/programs/Letter/Z/undergrad/true#,
302
https://webapp4-qa.asu.edu/programs/t5/programs/Letter/T/undergrad/true#,
302
https://schoolofsustainability.asu.edu/student-experience/residential-community/,
200
https://webapp4-qa.asu.edu/programs/t5/majorinfo/ASU00/ESMSEMIN/undergrad/true,
302
https://graduate.asu.edu/completing-your-degree#tabs-0-content_main-6,
200
https://www.pinterest.com/pin/308567011942654333/,
200
https://asuonline.asu.edu/what-it-costs,
200
https://education.asu.edu/research/centers,
200
https://graduate.asu.edu/completing-your-degree#tabs-0-content_main-5,
200
https://asunews.asu.edu/20150225-range-management-competitions,
200
http://graduate.asu.edu/faculty_staff/policies,
301
http://my.wpcarey.asu.edu/directory/,
302
http://help.asu.edu/,
301
http://www.bkstr.com/webapp/wcs/stores/servlet/StoreCatalogDisplay?catalogId=10001&langId=-1&demoKey=d&storeId=196905,
200
https://webapp4-qa.asu.edu/programs/t5/majorinfo/ASU00/BAKEICERT/undergrad/true,
302
http://www.bizjournals.com/phoenix/news/2015/02/11/researchers-industry-converge-on-asu-for-rehab.html,
200
https://asuonline.asu.edu/about-us/state-regulatory-authorizations,
200
https://webapp4-qa.asu.edu/programs/t5/majorinfo/ASU00/ESENMMIN/undergrad/true,
302
http://uc.asu.edu/,
301
https://webapp4-qa.asu.edu/programs/t5/programs/Letter/N/undergrad/true#,
302
https://webapp4-qa.asu.edu/programs/t5/programs/Letter/H/undergrad/true#,
302
http://engineering.asu.edu/resources/,
200
https://webapp4-qa.asu.edu/programs/t5/programs/College/CAS/undergrad/false,
302
https://webapp4-qa.asu.edu/programs/t5/graduate/false,
302
https://webapp4-qa.asu.edu/programs/t5/majorinfo/ASU00/BAIBSCERT/undergrad/true,
302
https://cronkite.asu.edu/cronkite-school-opens-registration-nabef-media-sales-institute,
200
https://webapp4-qa.asu.edu/programs/t5/programs/Campus/TEMPE/undergrad/Tempe%20campus/false,
302
http://students.asu.edu/residency,
301
https://sls.asu.edu/,
302
https://publicservice.asu.edu/content/public-administration-and-policy-urbanism-phd,
301
https://schoolofsustainability.asu.edu/about/introductory-videos/,
200
http://conferences.asucollegeoflaw.com/schooltoprison/,
200
http://pandemic.asu.edu/,
302
https://webapp4-qa.asu.edu/programs/t5/majorinfo/ASU00/LAENGMINT/undergrad/true,
302
https://schoolofsustainability.asu.edu/events/events-wrigley-lecture,
301
https://cfo.asu.edu/cfo-education-awareness,
302
https://transfer.asu.edu/CommunityColleges,
200
https://publicservice.asu.edu/content/public-service-academy,
301
https://barretthonors.asu.edu/contact-us/,
200
https://webapp4-qa.asu.edu/programs/t5/programs/Campus/POLY/undergrad/Polytechnic%20campus/true,
302
http://president.asu.edu/contact,
302
https://education.asu.edu/school-partnership-grant-programs,
200
https://cfo.asu.edu/campt,
200
https://weblogin.asu.edu/cgi-bin/login?callapp=https%3A%2F%2Fwebapp4-qa.asu.edu%2Fprograms%2Ft5%2Fprograms%2FLetter%2FK%2Fundergrad%2Ftrue%3Finit%3Dfalse,
302
https://campus.asu.edu/tempe/,
200
http://campus.asu.edu/tempe/,
301
http://barretthonors.asu.edu/news-events/calendar/,
200
https://graduate.asu.edu/graduate-curriculum-development,
200
https://webapp4-qa.asu.edu/programs/t5/majorinfo/ASU00/ARSTDMIN/undergrad/true,
302
https://webapp4-qa.asu.edu/programs/t5/programs/AreaOfInterest/07/undergrad/false,
302
https://webapp4-qa.asu.edu/programs/t5/programs/Letter/C/graduate/false,
302
https://webapp4-qa.asu.edu/programs/t5/programs/AreaOfInterest/01/undergrad/false,
302
https://webapp4-qa.asu.edu/programs/t5/majorinfo/ASU00/HITHAECERT/undergrad/true,
302
https://webapp4-qa.asu.edu/programs/t5/majorinfo/ASU00/ASPRLCERT/undergrad/true,
302
https://students.asu.edu/academic-calendar,
200
https://education.asu.edu/staff,
200
https://transfer.asu.edu/#content,
200
http://www.law.asu.edu/connect/linkedin,
302
https://washingtondc.asu.edu/#building-relationships-with-congress,
200
https://vimeo.com/105184398,
200
https://wpcarey.asu.edu/international-programs/china/english/dba-class-profile,
200
https://webapp4-qa.asu.edu/programs/t5/programs/Letter/P/graduate/false,
302
https://webapp4-qa.asu.edu/programs/t5/programs/AreaOfInterest/04/graduate/false,
302
https://asu.edu/programs,
301
https://transfer.asu.edu/steps,
200
http://barretthonors.asu.edu/#,
200
https://publicservice.asu.edu/content/academic-units,
200
http://herberger.asu.edu/blog,
200
https://webapp4-qa.asu.edu/programs/t5/majorinfo/ASU00/LAAPACERT/undergrad/true,
302
https://nursingandhealth.asu.edu/students,
302
https://webapp4-qa.asu.edu/programs/t5/majorinfo/ASU00/PPRECMIN/undergrad/true,
302
https://campus.asu.edu/polytechnic/research,
200
https://asuonline.asu.edu/online-degree-programs,
200
https://publicservice.asu.edu/content/parks-recreation-management-therapeutic-recreation,
301
https://publicservice.asu.edu/content/transfer-students,
200
https://graduate.asu.edu/about,
200
https://wpcarey.asu.edu/mba-programs/online,
200
http://cfo.asu.edu/emergency-alert,
301
https://cfo.asu.edu/emergency-counseling,
200
https://graduate.asu.edu/pay-for-college,
200
http://ncahlc.org/Criteria-Eligibility-and-Candidacy/criteria-and-core-components.html,
200
http://www.asu.edu/map/interactive/?campus=polytechnic,
200
https://www.asu.edu/map/,
200
https://nursingandhealth.asu.edu/news/nursing-and-health-innovation-ranked-top-4-percent-graduate-nursing-programs,
200
https://webapp4-qa.asu.edu/programs/t5/majorinfo/ASU00/HSCMNMIN/undergrad/true,
302
https://publicservice.asu.edu/content/criminology-and-criminal-justice-ms,
301
http://eoc.pd/,
Weird Error
https://schoolofsustainability.asu.edu/admissions/graduate-info-sessions/,
200
https://webapp4-qa.asu.edu/programs/t5/programs/Letter/B/undergrad/true#,
302
https://webapp4-qa.asu.edu/programs/t5/programs/Campus/TBIRD/graduate/Thunderbird/false,
302
https://schoolofsustainability.asu.edu/admissions/minor-students-faq/,
200
https://cronkite.asu.edu/cronkite-bachelors-degree,
301
http://cns.jmc.asu.edu/cnsdc.php,
200
https://nursingandhealth.asu.edu/programs/nursing/undergraduate/index.htm,
302
https://webapp4-qa.asu.edu/programs/t5/programs/Letter/N/undergrad/true,
302
https://catalog.asu.edu/css,
200
https://students.asu.edu/admission/wue,
200
http://lib.asu.edu/,
301
https://asuonline.asu.edu/become-student/academic-advising,
200
https://twitter.com/asupublicsvc,
200
https://catalog.asu.edu/#main,
200
https://transfer.asu.edu/credits,
200
https://visit.asu.edu/events-list,
200
http://newcollege.asu.edu/,
301
https://wpcarey.asu.edu/about/invest,
200
https://asunews.asu.edu/20141219-asu-thunderbird-agreement,
200
http://www.asu.edu/map/interactive/,
200
https://education.asu.edu/about/partnerships-projects,
200
https://publicservice.asu.edu/content/program-evaluation-ms,
200
mailto:schoolofsustainability@asu.edu?subject=SOS%20Contact%20Us,
Weird Error
https://webapp4-qa.asu.edu/programs/t5/programs/AreaOfInterest/08/graduate/false,
302
http://innovation.asu.edu/git,
200
http://getprotected.asu.edu/basics#best,
301
http://wpcarey.asu.edu/directory/,
301
https://skysong.asu.edu/contact-skysong?og=https://skysong.asu.edu/,
200
https://asuonline.asu.edu/about-us/newsroom/asu-online-ranked-among-best-online-programs-nation,
200
http://herbergerinstitute.asu.edu/webupdates/,
302
http://feeds.feedburner.com/ASULawNews,
200
https://students.asu.edu/colleges/tempe,
200
https://weblogin.asu.edu/cgi-bin/login?callapp=https%3A%2F%2Fwebapp4-qa.asu.edu%2Fprograms%2Ft5%2Fprograms%2FLetter%2FT%2Fundergrad%2Ftrue%3Finit%3Dfalse,
302
https://webapp4-qa.asu.edu/programs/t5/programs/Letter/T/graduate/false,
302
http://www.asu.edu/map/pdf/asu_map_researchpark_2013.pdf,
200
https://webapp4-qa.asu.edu/programs/t5/programs/College/CBA/undergrad/true#,
302
https://www.asu.edu/?feature=giving,
200
https://education.asu.edu/research/crest,
200
https://icrp.asu.edu/,
200
https://webapp4-qa.asu.edu/programs/t5/majorinfo/ASU00/LAAFRCERT/undergrad/true,
302
https://cfo.asu.edu/fdm-construction-at-asu,
200
https://wpcarey.asu.edu/supply-chain-management-degrees,
200
https://cronkite.asu.edu/cronkite-school-people,
200
http://innovation.asu.edu/degrees-programs/human-environmental-systems/environmental-resource-management-undergraduate,
404
http://sbhse.engineering.asu.edu/,
200
http://herbergerinstitute.asu.edu/community/partnerships/night_gallery.php,
200
https://havasu.asu.edu/virtuallibrary,
200
https://nursingandhealth.asu.edu/prospective-students/nursing-academic-advising,
200
https://schoolofsustainability.asu.edu/events/rsvp/balance-unbalance,
301
https://webapp4-qa.asu.edu/programs/t5/majorinfo/ASU00/PPPAFMIN/undergrad/true,
302
http://twitter.com/asuonline,
301
http://students.asu.edu/cost-attendance,
301
http://www.asu.edu/studentaffairs/reslife/occss/,
200
http://uresearch.asu.edu/,
200
mailto:hui.wang@asu.edu,
Weird Error
tel:480-727-6963,
Weird Error
https://www.facebook.com/ASUsustainability,
200
http://hlc2013.asu.edu/timeline,
302
https://nursingandhealth.asu.edu/videos,
302
https://www.asu.edu/?feature=newsevents,
200
http://eoc.pd.asu.edu/system/files/Influenza+Pandemic+Summary_0.pdf,
302
http://www.twitter.com/asupoly,
301
http://asu.edu/programs/,
301
https://cfo.asu.edu/police-safety-training,
200
https://webapp4-qa.asu.edu/programs/t5/majorinfo/ASU00/LAPEICERT/undergrad/true,
302
https://uc.asu.edu/about/welcome,
200
https://cronkite.asu.edu/luncheon,
301
https://students.asu.edu/colleges/west,
200
http://students.asu.edu/sports-and-recreation,
301
https://publicservice.asu.edu/content/jobs,
200
https://wpcarey.asu.edu/news-media,
200
https://webapp4-qa.asu.edu/programs/t5/programs/College/CAS/undergrad/true,
302
https://schoolofsustainability.asu.edu/events/events-sustainability-after-school,
301
https://students.asu.edu/tuitionandbilling,
200
https://asunews.asu.edu/20150213-iconic-voices-speaker-series,
200
https://publicservice.asu.edu/content/global-engagement,
200
https://asuevents.asu.edu/,
200
https://weblogin.asu.edu/cgi-bin/login?callapp=https%3A%2F%2Fwebapp4-qa.asu.edu%2Fprograms%2Ft5%2Fprograms%2FCollege%2FCLS%2Fundergrad%2Ftrue%3Finit%3Dfalse,
302
https://education.asu.edu/resources/title-ii,
301
http://fullcircle.asu.edu/programs/asus-engineering-and-journalism-schools-announce-innovative-dual-degree-program/,
200
https://contact.asu.edu/#content,
200
https://studentsuccess.asu.edu/,
301
https://webapp4-qa.asu.edu/programs/t5/programs/Letter/G/graduate/false,
302
https://asuonline.asu.edu/story-food-industry-management,
200
https://cfo.asu.edu/hr-benefits,
200
http://www.asu.edu/degreesearch,
302
https://education.asu.edu/about/tc-preschool,
200
http://www.asu.edu/counsel/brief/pubrecsfaq.html,
200
https://cronkite.asu.edu/node/3008,
301
https://webapp4-qa.asu.edu/programs/t5/majorinfo/ASU00/LSENGMIN/undergrad/true,
302
https://students.asu.edu/advising/directory#main-nav,
200
https://publicservice.asu.edu/democracyconference,
200
https://washingtondc.asu.edu/national-policy-affairs#federal-lobbying-disclosure-act,
200
http://graduate.asu.edu/contactus,
301
https://nursingandhealth.asu.edu/current-students/convocation-may-12-2015,
200
https://schoolofsustainability.asu.edu/events/rsvp/sos-volunteer-project,
301
https://skysong.asu.edu/news,
200
https://webapp4-qa.asu.edu/programs/t5/programs/Letter/R/undergrad/true,
302
mailto:grad-ges@asu.edu,
Weird Error
http://education.asu.edu/resources/undergraduate-services,
301
https://webapp4-qa.asu.edu/programs/t5/programs/College/CBA/undergrad/true,
302
https://my.health.asu.edu/default.aspx,
Weird Error
https://schoolofsustainability.asu.edu/apply-to-executive-masters-degree-sustainability-leadership-emsl/,
200
https://cfo.asu.edu/ehs-biosafety,
200
https://washingtondc.asu.edu/student-programs#washington-policy-design-studio,
200
https://publicservice.asu.edu/content/social-work,
301
https://chs.asu.edu/stay-connected,
200
https://nursingandhealth.asu.edu/current-students/current-student-resources,
200
https://webapp4-qa.asu.edu/programs/t5/programs/AreaOfInterest/10/undergrad/false,
302
https://webapp4-qa.asu.edu/programs/t5/majorinfo/ASU00/LAFASMIN/undergrad/true,
302
https://campus.asu.edu/tempe/#main-content,
200
http://ssebe.engineering.asu.edu/prospective-students/constmanagement.html,
301
http://www.linkedin.com/company/arizona-state-university-college-of-nursing-&-health-innovation,
301
https://webapp4-qa.asu.edu/programs/t5/programs/AreaOfInterest/13/graduate/false,
302
http://lib.asu.edu/downtown,
301
https://cronkite.asu.edu/cronkite-school-students,
200
https://asu.edu/degrees,
301
https://webapp4-qa.asu.edu/programs/t5/undergrad/false,
302
https://graduate.asu.edu/excellence,
200
https://webapp4.asu.edu/programs/t5/undergrad/false,
302
https://campus.asu.edu/downtown/,
200
https://cronkite.asu.edu/events/all,
301
https://webapp4-qa.asu.edu/programs/t5/majorinfo/ASU00/CSCMOMINA/undergrad/true,
302
https://webapp4-qa.asu.edu/programs/t5/majorinfo/ASU00/ASPOLMIN/undergrad/true,
302
https://webapp4-qa.asu.edu/programs/t5/majorinfo/ASU00/ASOHCCERT/undergrad/true,
302
https://students.asu.edu/undergraduate-admission#main,
404
https://nursingandhealth.asu.edu/post-grad,
302
https://www.law.asu.edu/centersprograms,
301
https://weblogin.asu.edu/cgi-bin/login?callapp=https%3A%2F%2Fwebapp4-qa.asu.edu%2Fprograms%2Ft5%2Fprograms%2FCampus%2FPOLY%2Fundergrad%2FPolytechnic%2520campus%2Ftrue%3Finit%3Dfalse,
302
https://education.asu.edu/invest,
200
https://wpcarey.asu.edu/,
200
https://weblogin.asu.edu/cgi-bin/login?callapp=https%3A%2F%2Fwebapp4-qa.asu.edu%2Fprograms%2Ft5%2Fprograms%2FLetter%2FR%2Fundergrad%2Ftrue%3Finit%3Dfalse,
302
https://webapp4-qa.asu.edu/programs/t5/programs/College/CSS/undergrad/true,
302
http://www.law.asu.edu/admissions/Admissions/MLSMasterofLegalStudiesProgram.aspx,
200
http://barretthonors.asu.edu/2015/02/sara-mata-stevens/,
200
https://webapp4-qa.asu.edu/programs/t5/majorinfo/ASU00/ASRELMIN/undergrad/true,
302
https://webapp4-qa.asu.edu/programs/t5/programs/Letter/E/undergrad/true,
302
http://herbergerinstitute.asu.edu/investors/,
200
https://schoolofsustainability.asu.edu/degrees/doctor-philosphy/,
200
https://cfo.asu.edu/police-recruitment,
200
https://webapp4-qa.asu.edu/programs/t5/majorinfo/ASU00/LALASCERT/undergrad/true,
302
https://campus.asu.edu/downtown/about,
200
https://publicservice.asu.edu/faculty,
200
https://wpcarey.asu.edu/international-programs/china/english/benchmarking-tour,
200
https://webapp4-qa.asu.edu/programs/t5/majorinfo/ASU00/PPCSMMIN/undergrad/true,
302
http://www.asu.edu/enroll/apply,
301
https://visit.asu.edu/#,
200
https://artsandsciences.asu.edu/home#sidebar-left,
302
http://www.asu.edu/accessibility/sendemail.html,
301
mailto:cindi.farmer@asu.edu?subject=inquiry%20from%20asu.edu,
Weird Error
https://graduate.asu.edu/forms?field_file_type_tid=25,
200
http://twitter.com/asudpc,
301
https://graduate.asu.edu/forms?field_file_type_tid=26,
200
https://students.asu.edu/srr/students,
301
http://twitter.com/asuhida,
301
http://barretthonors.asu.edu/welcome/resources-for-facultystaff/,
200
http://colleges.usnews.rankingsandreviews.com/best-colleges/rankings/national-universities/up-and-coming?src=stats,
0
https://webapp4-qa.asu.edu/programs/t5/programs/College/CHL/graduate/false,
302
https://cfo.asu.edu/hr-equityandinclusion,
200
https://wpcarey.asu.edu/executive-education,
200
https://schoolofsustainability.asu.edu/student-experience/campus-life/,
200
https://schoolofsustainability.asu.edu/alumni-career/alumni-stories-videos/,
200
https://webapp4.asu.edu/programs/t5/graduate/false,
302
http://vimeo.com/asuengineering/videos,
301
https://schoolofsustainability.asu.edu/student-experience/study-abroad/,
200
https://publicservice.asu.edu/content/veterans,
200
http://getprotected.asu.edu/basics,
301
http://havasu.asu.edu/staff,
301
https://webapp4-qa.asu.edu/programs/t5/programs/Letter/I/undergrad/true,
302
https://education.asu.edu/about/academic-divisions,
200
https://washingtondc.asu.edu/national-policy-affairs#services,
200
https://asuonline.asu.edu/why-choose-asu/course-experience,
200
https://webapp4-qa.asu.edu/programs/t5/majorinfo/ASU00/BABUSMIN/undergrad/true,
302
https://asuf.givingplan.net/pp/plan-your-gifts-greatest-impact/208,
Weird Error
https://weblogin.asu.edu/cgi-bin/login?callapp=https%3A%2F%2Fwebapp4-qa.asu.edu%2Fprograms%2Ft5%2Fprograms%2FLetter%2FI%2Fundergrad%2Ftrue%3Finit%3Dfalse,
302
https://schoolofsustainability.asu.edu/about/school-of-sustainability/,
200
https://webapp4-qa.asu.edu/programs/t5/majorinfo/ASU00/HISTARTMIN/undergrad/true,
302
https://housing.asu.edu/content/contact-us,
200
http://students.asu.edu/transcripts#unofficial,
301
http://hlc2013.asu.edu/,
200
https://visit.asu.edu/groupvisit,
200
http://hlc2013.asu.edu/content/process,
200
http://law.asu.edu/,
301
http://barretthonors.asu.edu/2015/03/medicine-health-care-focus-book-honors-faculty-fellow-john-parker/,
200
https://campus.asu.edu/asu.edu/pty,
404
http://www.flipdocs.com/showbook.aspx?ID=10016128_784327,
200
https://asuonline.asu.edu/online-degree-programs/certificates,
200
https://asuevents.asu.edu/asu-art-museum-spring-2015-season-opening-reception,
200
https://webapp4-qa.asu.edu/programs/t5/programs/Letter/V/undergrad/true,
302
https://asunews.asu.edu/20150227-professors-public-service-work,
200
http://apps.law.asu.edu/Apps/Directory/,
200
http://barretthonors.asu.edu/2011/03/honors-students-winners-in-the-2010-11-asu-innovation-challenge/,
200
https://nursingandhealth.asu.edu/news/asu-nursing-faculty-recognized-leader-watch,
200
https://www.google.com/maps/place/Arizona+State+University,+Tempe+Campus/@33.42424,-111.928053,17z/data=!3m1!4b1!4m7!1m4!3m3!1s0x872b08db3b33540f:0x666e717f473c3033!2sArizona+State+University,+Tempe+Campus!3b1!3m1!1s0x872b08db3b33540f:0x666e717f473c3033,
302
https://transfer.asu.edu/faqs,
200
http://www.usnews.com/education/online-education/education/rankings?int=a05609,
200
http://parents.asu.edu/,
301
https://webapp4.asu.edu/admissionresponse/confirmmajor/,
302
https://webapp4-qa.asu.edu/programs/t5/programs/Letter/W/undergrad/true,
302
https://schoolofsustainability.asu.edu/degrees/usaid-ri-fellowships/,
200
https://campus.asu.edu/downtown/resources,
200
http://magazine.asu.edu/,
301
https://webapp4-qa.asu.edu/programs/t5/programs/AreaOfInterest/11/undergrad/false,
302
https://chs.asu.edu/,
200
https://schoolofsustainability.asu.edu/#carousel1064807771,
200
https://webapp4-qa.asu.edu/programs/t5/programs/AreaOfInterest/20/undergrad/false,
302
https://nursingandhealth.asu.edu/employment/index.htm,
200
http://artsandsciences.asu.edu/,
200
http://more.engineering.asu.edu/grad/admission-requirement/,
200
https://www.law.asu.edu/currentstudents,
301
https://webapp4-qa.asu.edu/programs/t5/majorinfo/ASU00/TEGIMCERT/undergrad/true,
302
https://wpcarey.asu.edu/research/services-leadership,
200
http://www.fulton.asu.edu/fulton/,
301
https://webapp4-qa.asu.edu/programs/t5/majorinfo/ASU00/PPURBCERC/undergrad/true,
302
https://sustainability.asu.edu/,
200
http://bookstore.asu.edu/,
302
https://washingtoncenter.asu.edu/,
302
http://innovation.asu.edu/degrees-programs/professional-flight-undergraduate,
200
https://students.asu.edu/tuition,
200
mailto:asuonline@asu.edu,
Weird Error
https://catalog.asu.edu/ug_gsr,
200
http://cronkite.asu.edu/iconic-voices-richard-adkerson,
200
https://skysong.asu.edu/space/meeting-event,
200
https://washingtondc.asu.edu/our-dc-portfolio#new-america-foundation-partnership,
200
http://more.engineering.asu.edu/nextsteps/,
200
http://cidse.engineering.asu.edu/forstudent/prospective-students/computer-engineering/,
200
http://www.asu.edu/housing/,
301
http://ssebe.engineering.asu.edu/,
200
https://students.asu.edu/academic-success,
200
https://wpcarey.asu.edu/undergraduate-degrees/academy,
200
https://wpcarey.asu.edu/international-programs/china/english/exec-ed,
200
https://wpcarey.asu.edu/executive-education/real-estate-certificate,
200
https://nursingandhealth.asu.edu/about/mission-vision-and-goals,
302
http://graduate.asu.edu/admissions,
301
http://lib.asu.edu/help,
301
https://publicservice.asu.edu/content/events,
200
https://cronkite.asu.edu/cronkite-arizona-pbs-release-2014,
200
http://www.asu.edu/colleges/west.html,
301
http://centers.asu.edu/,
302
https://contact.asu.edu/#nodequeue_2-block_1-1,
200
http://www.asu.edu/aad/manuals/ehs/ehs403.html,
200
https://webapp4-qa.asu.edu/programs/t5/programs/AreaOfInterest/18/graduate/false,
302
https://contact.asu.edu/#nodequeue_2-block_1-0,
200
https://weblogin.asu.edu/cgi-bin/login?callapp=https%3A%2F%2Fwebapp4-qa.asu.edu%2Fprograms%2Ft5%2Fprograms%2FLetter%2FALL%2Fundergrad%2Ftrue%3Finit%3Dfalse,
302
http://barretthonors.asu.edu/2014/08/dr-matthew-voorhees/,
200
https://wpcarey.asu.edu/masters-programs/information-technology,
200
https://cronkite.asu.edu/news,
301
https://maps.google.com/maps?f=q&source=s_q&hl=en&geocode=&q=asu+lake+havasu&aq=&sll=33.391922,-111.928101&sspn=0.15565,0.338173&vpsrc=0&ie=UTF8&hq=asu&hnear=Lake+Havasu&ll=34.491136,-114.321499&spn=0.076827,0.169086&t=m&z=13&iwloc=A&cid=10588871487905254451,
302
https://player.vimeo.com/video/72443864?byline=0&portrait=0&color=ffffff&width=720&height=400&iframe=true,
403
https://wpcarey.asu.edu/alumni/magazine,
200
https://nursingandhealth.asu.edu/masters,
200
https://webapp4-qa.asu.edu/programs/t5/programs/Letter/Z/undergrad/false,
302
https://schoolofsustainability.asu.edu/admissions/minor-advisors-faq/,
200
http://www.asu.edu/map/interactive/?campus=downtown,
200
https://campus.asu.edu/polytechnic/administration,
200
https://my.wpcarey.asu.edu/directory,
302
https://washingtondc.asu.edu/facilities#asu-washington-center,
200
https://engineering.asu.edu/firstyear/,
200
https://webapp4-qa.asu.edu/programs/t5/programs/Letter/N/undergrad/false,
302
https://asuonline.asu.edu/about-us/newsroom/asu-ranked-no-2-nation-among-and-coming-schools,
200
https://cfo.asu.edu/fs-annual-financial-reports,
200
https://webapp4-qa.asu.edu/programs/t5/majorinfo/ASU00/SUESUCERT/undergrad/true,
302
https://webapp4-qa.asu.edu/programs/t5/majorinfo/ASU00/LASGSMIN/undergrad/true,
302
https://publicservice.asu.edu/content/undergraduate,
200
http://schoolofsustainability.asu.edu/,
301
http://engineering.asu.edu/research/,
200
https://wpcarey.asu.edu/undergraduate-degrees/transfer,
200
https://schoolofsustainability.asu.edu/events/events-sos-only,
301
https://webapp4-qa.asu.edu/programs/t5/majorinfo/ASU00/LAECNMIN/undergrad/true,
302
https://schoolofsustainability.asu.edu/degrees/graduate/,
200
https://transfer.asu.edu/#,
200
http://cfo.asu.edu/,
301
https://webapp4-qa.asu.edu/programs/t5/programs/Letter/T/undergrad/false,
302
https://webapp4.asu.edu/uga_admissionsapp/,
200
https://webapp4-qa.asu.edu/programs/t5/programs/Letter/H/undergrad/false,
302
https://webapp4-qa.asu.edu/programs/t5/programs/Letter/B/undergrad/false,
302
http://instagram.com/asunursing,
301
https://webapp4-qa.asu.edu/programs/t5/majorinfo/ASU00/LAJPNMIN/undergrad/true,
302
https://asuonline.asu.edu/rss.xml,
200
https://sustainability.asu.edu/linkedin,
301
https://www.facebook.com/asuhavasu,
200
http://cronkite.asu.edu/defying-doomsayers-untold-success-stories-developing-nations,
200
http://apps.law.asu.edu/apps/webevents/events.aspx,
200
https://schoolofsustainability.asu.edu/degrees/graduate-concurrent/,
200
https://weblogin.asu.edu/cgi-bin/login?callapp=https%3A%2F%2Fwebapp4-qa.asu.edu%2Fprograms%2Ft5%2Fprograms%2FLetter%2FM%2Fundergrad%2Ftrue%3Finit%3Dfalse,
302
https://education.asu.edu/resources/events/information-session-online-%E2%80%94-educational-policy-1,
200
https://graduate.asu.edu/defensecal,
200
https://webapp4.asu.edu/programs/t5/MinorsCertificates/undergrad/true,
302
https://students.asu.edu/tuitionandfees,
200
https://students.asu.edu/graduate/contact,
200
https://wpcarey.asu.edu/international-programs/china/english/china-videos,
200
https://publicservice.asu.edu/content/community-resources-and-development-phd,
301
https://nursingandhealth.asu.edu/contact/contact-asu-college-nursing-and-health-innovation,
200
https://engineering.asu.edu/factbook/faculty/,
200
https://www.law.asu.edu/Law/Login.aspx?pid=0&returnUrl=https%3a%2f%2fwww.law.asu.edu%2fHome.aspx,
302
http://sportsjournalism.jmc.asu.edu/los-angeles-sports-bureau.php,
200
https://publicservice.asu.edu/content/urban-metropolitan-studies,
301
https://international.asu.edu/,
200
https://schoolofsustainability.asu.edu/#,
200
http://help.asu.edu/sims/selfhelp/SelfhelpKbView.seam?parature_id=8373-8193-4685,
301
https://webapp4-qa.asu.edu/programs/t5/majorinfo/ASU00/LASSWMIN/undergrad/true,
302
https://havasu.asu.edu/events,
200
http://barretthonors.asu.edu/wp-content/uploads/2012/10/nila.jpg,
200
https://education.asu.edu/teacher-education-doctoral-programs,
200
https://www.asu.edu/emergency/,
302
https://education.asu.edu/about/founded-on-excellence,
200
https://cfo.asu.edu/emergency-resources,
200
https://washingtondc.asu.edu/national-policy-affairs#visits,
200
https://schoolofsustainability.asu.edu/alumni-career/share-your-story/,
200
https://cronkite.asu.edu/grad,
301
https://wpcarey.asu.edu/mba/china-program/english/,
301
https://students.asu.edu/colleges/downtown,
200
http://engineering.asu.edu/studyabroad/,
200
http://schoolofsustainability.asu.edu/undergraduate/undergraduate-advising.php,
301
http://asuevents.asu.edu/poly,
301
http://cidse.engineering.asu.edu/forstudent/prospective-students/engineering-management/,
200
https://webapp4-qa.asu.edu/programs/t5/programs/Letter/J/undergrad/true,
302
https://webapp4-qa.asu.edu/programs/t5/majorinfo/ASU00/LAREECERT/undergrad/true,
302
https://webapp4-qa.asu.edu/programs/t5/programs/College/CBA/undergrad/false,
302
mailto:parking@asu.edu,
Weird Error
https://skysong.asu.edu/#,
200
https://cfo.asu.edu/cfo-forms,
200
http://barretthonors.asu.edu/2015/02/honors-student-zach-ragatz-balances-two-majors-professional-acting/,
200
https://asuevents.asu.edu/fearless-females-global-renaissance,
200
http://arizonacenterforlawandsociety.com/,
200
https://graduate.asu.edu/front-welcome-message,
200
https://www.law.asu.edu/administration,
301
https://cfo.asu.edu/police-crimeprevention,
200
http://honors.asu.edu/,
302
https://graduate.asu.edu/#,
200
https://wpcarey.asu.edu/mba-programs/china-english/ebma/class-profile,
200
https://wpcarey.asu.edu/undergraduate-degrees/scholarship,
200
https://webapp4-qa.asu.edu/programs/t5/majorinfo/ASU00/LAGISCERT/undergrad/true,
302
https://webapp4-qa.asu.edu/programs/t5/majorinfo/ASU00/LATCLMIN/undergrad/true,
302
http://cfo.asu.edu/pts-campus,
301
https://www.pinterest.com/pin/308567011942654328/,
200
https://education.asu.edu/resources/pll,
301
http://www.asu.edu/colleges/,
301
https://wpcarey.asu.edu/about/accreditation,
200
https://wpcarey.asu.edu/alumni/business-alumni-chapter,
200
https://chs.asu.edu/students,
200
http://news21.com/,
200
https://cronkite.asu.edu/node/2627,
301
https://students.asu.edu/financialaid,
200
https://weblogin.asu.edu/cgi-bin/login,
302
https://eoss.asu.edu/drc/,
200
https://webapp4-qa.asu.edu/programs/t5/programs/Campus/CALHC/undergrad/Lake%20Havasu%20City/false,
302
https://wpcarey.asu.edu/recruiters-undergraduate,
200
https://veterans.asu.edu/,
200
http://www.law.asu.edu/connect/facebook,
302
https://chs.asu.edu/student-resources,
200
https://publicservice.asu.edu/content/asu-around-arizona,
200
http://cidse.engineering.asu.edu/forstudent/undergraduate/majors/software-engineering-bs/,
200
https://asuonline.asu.edu/about-us/newsroom/returning-college-retiree,
200
https://asuonline.asu.edu/online-degree-programs/graduate,
200
http://cfo.asu.edu/pandemic,
301
tel:,
Weird Error
https://webapp4-qa.asu.edu/programs/t5/majorinfo/ASU00/PPTDMCERT/undergrad/true,
302
http://spa.asu.edu/,
200
https://webapp4-qa.asu.edu/programs/t5/majorinfo/ASU00/ASSPAMIN/undergrad/true,
302
https://www.asu.edu/?feature=academics,
200
https://graduate.asu.edu/postdocs,
200
https://cfo.asu.edu/hr-eao,
200
https://my.wpcarey.asu.edu/,
302
http://www.azte.com/,
200
https://visit.asu.edu/node/2,
301
http://more.engineering.asu.edu/customize/,
200
http://engineering.asu.edu/factbook/about/the-fulton-difference/,
200
https://publicservice.asu.edu/content/parks-recreation-management,
301
http://cfo.asu.edu/fdm-fleet-services,
301
https://cfo.asu.edu/hr-compensation,
200
https://schoolofsustainability.asu.edu/student-experience/graduate-advising/,
200
http://innercircle.engineering.asu.edu/2015/02/25/help-out-at-discovere-day/,
200
https://washingtondc.asu.edu/student-programs#capital-scholars-program,
200
https://provost.asu.edu/faculty,
200
https://students.asu.edu/colleges,
200
https://publicservice.asu.edu/content/public-service-public-policy,
301
http://cronkite.asu.edu/biotech-university-2015,
200
https://skysong.asu.edu/sites/default/files/asu-skysong_map-and-directions_2014_0.pdf,
200
https://www.law.asu.edu/ABARequiredDisclosures.aspx,
200
https://nursingandhealth.asu.edu/research-centers,
200
https://cronkite.asu.edu/about/contactus.php,
301
https://webapp4-qa.asu.edu/programs/t5/majorinfo/ASU00/LASSHMIN/undergrad/true,
302
https://skysong.asu.edu/#navigation,
200
https://webapp4-qa.asu.edu/programs/t5/majorinfo/ASU00/ESTNECERT/undergrad/true,
302
http://barretthonors.asu.edu/academics/scholarships-and-fellowships/,
200
https://education.asu.edu/teacher-education-undergraduate-degree-programs,
200
https://webapp4-qa.asu.edu/programs/t5/programs/AreaOfInterest/02/undergrad/false,
302
https://wpcarey.asu.edu/international-programs/china/english/mim-faculty,
200
https://webapp4-qa.asu.edu/programs/t5/programs/AreaOfInterest/08/undergrad/false,
302
http://sportsjournalism.jmc.asu.edu/,
200
https://wpcarey.asu.edu/news-releases/2015-02-19/want-app,
200
http://students.asu.edu/health-wellness,
301
https://schoolofsustainability.asu.edu/alumni-career/,
200
https://wpcarey.asu.edu/doctoral-programs/,
301
https://nursingandhealth.asu.edu/prospective-students/prospective-students,
200
tel:1-866-277-6589,
Weird Error
https://campus.asu.edu/west/index,
200
http://www.asu.edu/tour/downtown/index.html,
200
http://www.asu.edu/copyright/,
200
https://cfo.asu.edu/budget-summary,
200
https://eoss.asu.edu/cs,
200
https://webapp4-qa.asu.edu/programs/t5/majorinfo/ASU00/LAPTLCERT/undergrad/true,
302
https://webapp4-qa.asu.edu/programs/t5/programs/College/CTE/undergrad/true,
302
https://campus.asu.edu/polytechnic/about/,
200
https://nursingandhealth.asu.edu/ceh,
301
http://www.asu.edu/map/interactive/?campus=west,
200
https://cfo.asu.edu/ehs-radiationsafety,
200
https://campus.asu.edu/west/contact,
200
https://weblogin.asu.edu/cgi-bin/login?callapp=https%3A%2F%2Fwebapp4-qa.asu.edu%2Fprograms%2Ft5%2Fprograms%2FLetter%2FB%2Fundergrad%2Ftrue%3Finit%3Dfalse,
302
https://webapp4-qa.asu.edu/programs/t5/majorinfo/ASU00/LAFREMIN/undergrad/true,
302
http://design.asu.edu/,
200
http://hlc2013.asu.edu/archives,
200
https://transfer.asu.edu/apply,
200
https://nursingandhealth.asu.edu/research,
200
http://www.asu.edu/contactasu/,
301
http://alumni.asu.edu/membership/reasons-join,
301
https://graduate.asu.edu/graduate-support-staff,
200
https://havasu.asu.edu/studentactivities,
200
http://www.asu.edu/emergency,
302
https://webapp4-qa.asu.edu/programs/t5/majorinfo/ASU00/LAMATMIN/undergrad/true,
302
https://wpcarey.asu.edu/recruiters-corporations,
200
http://uabf.asu.edu/safety_police,
301
https://cronkite.asu.edu/about-the-cronkite-school,
200
https://weblogin.asu.edu/cgi-bin/login?callapp=https%3A%2F%2Fwebapp4-qa.asu.edu%2Fprograms%2Ft5%2Fprograms%2FLetter%2FY%2Fundergrad%2Ftrue%3Finit%3Dfalse,
302
https://wpcarey.asu.edu/international-programs/china/chinese,
200
http://www.asu.edu/tour/tempe/index.html,
200
https://chs.asu.edu/research,
200
http://asu.edu/parking/maps/downtown-current.pdf,
301
http://cfo.asu.edu/pts,
301
https://webapp4-qa.asu.edu/programs/t5/majorinfo/ASU00/ECSTSMIN/undergrad/true,
302
https://nursingandhealth.asu.edu/news/award-winning-faculty-and-staff-enhance-health-education-asu-and-beyond,
200
https://education.asu.edu/about/news,
200
http://asu.edu/parking/maps/poly-current.pdf,
301
https://nursingandhealth.asu.edu/rss/headlines,
200
https://transfer.asu.edu/texas,
200
https://nursingandhealth.asu.edu/events/american-organization-nurse-executives-aone-conference,
200
https://schoolofsustainability.asu.edu/events/events-defenses,
301
https://uc.asu.edu/,
200
https://webapp4-qa.asu.edu/programs/t5/majorinfo/ASU00/ASWSTCERT/undergrad/true,
302
http://barretthonors.asu.edu/admissions/,
200
https://wpcarey.asu.edu/mba-programs/,
301
https://washingtondc.asu.edu/student-programs#academy,
200
https://webapp4-qa.asu.edu/programs/t5/majorinfo/ASU00/ECFNTRMIN/undergrad/true,
302
https://education.asu.edu/about/inside-the-academy,
200
https://webapp4-qa.asu.edu/programs/t5/programs/Letter/ALL/undergrad/true,
302
https://webapp4-qa.asu.edu/programs/t5/majorinfo/ASU00/PPNPYCERT/undergrad/true,
302
https://webapp4.asu.edu/programs/t5/programs/Refine/College:CPP/undergrad/false/$N/$N,
302
https://wpcarey.asu.edu/undergraduate-degrees/tuition,
200
https://nursingandhealth.asu.edu/galleries,
200
https://graduate.asu.edu/completing-your-degree,
200
http://cfo.asu.edu/pts-news,
301
http://getprotected.asu.edu/files/incident.pdf,
301
http://twitter.com/asuwestcampus,
301
https://www.law.asu.edu/,
200
http://uabf.asu.edu/parking_transportation,
301
https://cfo.asu.edu/ehs-firesafety,
200
http://www.asu.edu/emergency/,
302
https://webapp4-qa.asu.edu/programs/t5/programs/College/CSS/undergrad/false,
302
http://oldmainasu.com/,
301
https://cronkite.asu.edu/cronkiteday/,
200
https://asuonline.asu.edu/how-it-works/online-student-orientation,
200
http://campus.asu.edu/west,
301
https://nursingandhealth.asu.edu/programs/new-proposed-degree-programs,
200
mailto:housing@asu.edu,
Weird Error
http://www.linkedin.com/company/arizona-state-university,
301
https://cfo.asu.edu/hr-wellness,
200
http://ssebe.engineering.asu.edu/prospective-students/civil.html,
200
https://webapp4-qa.asu.edu/programs/t5/majorinfo/ASU00/LAMRSCERT/undergrad/true,
302
https://publicservice.asu.edu/content/signature-events,
200
http://www.linkedin.com/groups?gid=43848,
301
https://webapp4-qa.asu.edu/programs/t5/majorinfo/ASU00/LAACTCERT/undergrad/true,
302
http://www.thesundevils.com/main/Schedule.dbml?DB_LANG=C&DB_OEM_ID=30300,
200
https://students.asu.edu/graduation,
200
http://ssebe.engineering.asu.edu/prospective-students/constengineering.html,
200
http://herbergerinstitute.asu.edu/news/press_release.php?id=1068,
200
https://publicservice.asu.edu/content/community-sports-management-bs,
301
https://students.asu.edu/report-problem,
200
https://webapp4-qa.asu.edu/programs/t5/majorinfo/ASU00/LAJUSMIN/undergrad/true,
302
https://catalog.asu.edu/graduate,
200
https://wpcarey.asu.edu/calendarofevents,
200
http://www.flipdocs.com/showbook.aspx?ID=10016128_316283,
200
https://webapp4-qa.asu.edu/programs/t5/programs/Letter/B/undergrad/true,
302
http://asu.edu/myfuture,
301
https://wpcarey.asu.edu/research/health-supply-chain/mckenna-lecture,
200
http://blogs.wpcarey.asu.edu/graduate/giving-back-at-w-p-carey/,
200
https://webapp4-qa.asu.edu/programs/t5/programs/Letter/S/graduate/false,
302
http://www.poly.asu.edu/students,
301
https://schoolofsustainability.asu.edu/admissions/undergraduate-faq/,
200
https://students.asu.edu/colleges#main,
200
http://help.asu.edu/sims/selfhelp/SelfhelpKbView.seam?parature_id=8373-8193-4465&cid=1500,
301
https://skysong.asu.edu/startups,
200
http://alumni.asu.edu/services/sparky-plates,
301
https://washingtondc.asu.edu/student-programs#internships,
200
http://engineering.asu.edu/semte/Aerospace.html,
200
https://asuonline.asu.edu/about-us/newsroom/its-back-school-dad-balancing-college-career-kids,
200
https://asuonline.asu.edu/student-resources/technical-support,
200
https://publicservice.asu.edu/content/request-information-0,
200
https://asuonline.asu.edu/about-us/newsroom/starbucks-asu-partnership-draws-more-1000-students,
200
https://webapp4-qa.asu.edu/programs/t5/programs/College/CHL/undergrad/true#,
302
https://securelb.imodules.com/s/1469/foundation/Inner2Columns3.aspx?sid=1469&gid=2&pgid=426&cid=1155&bledit=1&dids=78.77.440&appealcode=C0315,
200
https://weblogin.asu.edu/cgi-bin/login?callapp=https%3A%2F%2Fwebapp4-qa.asu.edu%2Fprograms%2Ft5%2Fprograms%2FCampus%2FTEMPE%2Fundergrad%2FTempe%2520campus%2Ftrue%3Finit%3Dfalse,
302
https://cfo.asu.edu/hr-newemployee,
200
https://cfo.asu.edu/website-feedback-form,
200
https://cfo.asu.edu/emergency,
200
https://schoolofsustainability.asu.edu/about/invest/,
200
https://webapp4-qa.asu.edu/programs/t5/majorinfo/ASU00/LASLVMIN/undergrad/true,
302
https://wpcarey.asu.edu/accounting-degrees,
200
tel:480-965-2100,
Weird Error
https://asuonline.asu.edu/about-us/newsroom/study-abroad-online-student,
200
https://education.asu.edu/events/undergraduate-sessions,
200
http://ecee.engineering.asu.edu/programs/undergraduate/whatiselectricalengineering/,
200
https://schoolofsustainability.asu.edu/about/directions-parking/,
200
https://webapp4-qa.asu.edu/programs/t5/majorinfo/ASU00/LACLGCERT/undergrad/true,
302
http://havasu.asu.edu/,
301
https://engineering.asu.edu/degrees,
301
https://students.asu.edu/howtoregister,
200
https://webapp4-qa.asu.edu/programs/t5/programs/College/CPP/undergrad/false,
302
https://schoolofsustainability.asu.edu/admissions/scholarships/graduate-scholarships/,
200
https://cronkite.asu.edu/undergrad/forms.php,
301
https://washingtondc.asu.edu/about#faculty-staff,
200
http://herbergerinstitute.asu.edu/community/,
200
https://education.asu.edu/resources/news/teachers-college-faculty-recognized-public-influence-education,
200
https://weblogin.asu.edu/cgi-bin/login?callapp=https%3A%2F%2Fwebapp4-qa.asu.edu%2Fprograms%2Ft5%2Fprograms%2FLetter%2FP%2Fundergrad%2Ftrue%3Finit%3Dfalse,
302
http://campus.asu.edu/west/,
301
http://prehealth.asu.edu/connect/advising,
302
http://engineer.asu.edu/,
301
https://washingtondc.asu.edu/student-programs#business-and-public-policy-residency-program,
200
https://webapp4-qa.asu.edu/programs/t5/majorinfo/ASU00/LACOMMIN/undergrad/true,
302
https://publicservice.asu.edu/content/asu-online,
200
https://nursingandhealth.asu.edu/prospective-students/nursing-residential-community,
200
https://nursingandhealth.asu.edu/presidents-medal-social-embeddedness,
301
https://nursingandhealth.asu.edu/dnp,
200
https://webapp4-qa.asu.edu/programs/t5/programs/Campus/POLY/undergrad/Polytechnic%20campus/true#,
302
https://students.asu.edu/programs#main-nav,
200
http://yourfuture.asu.edu/prospective,
302
https://webapp4-qa.asu.edu/programs/t5/programs/Campus/WEST/undergrad/West%20campus/true,
302
https://publicservice.asu.edu/content/nonprofit-leadership-management,
301
http://art.asu.edu/gallery/gallery100/,
200
https://transfer.asu.edu/credits/military,
200
https://chs.asu.edu/contact/advising,
301
https://cfo.asu.edu/fs-advhelp-training,
200
https://graduate.asu.edu/graduate-faculty,
200
https://webapp4-qa.asu.edu/programs/t5/majorinfo/ASU00/LAECNJCERT/undergrad/true,
302
https://wpcarey.asu.edu/#main-menu,
200
https://schoolofsustainability.asu.edu/alumni-career/graduate-alumni/,
200
https://washingtondc.asu.edu/student-programs#asu-online,
200
https://education.asu.edu/#main-content,
200
http://poly.asu.edu/,
0
http://cle.asucollegeoflaw.com/,
200
https://chs.asu.edu/contact,
200
https://cronkite.asu.edu/node/2943,
301
https://wpcarey.asu.edu/mba-programs/part-time,
200
http://engineering.asu.edu/achieve/,
200
https://webapp4-qa.asu.edu/programs/t5/programs/College/CLS/graduate/false,
302
https://secure.imodules.com/s/1469/foundation/Inner2Columns3.aspx?sid=1469&gid=2&pgid=426&cid=1155,
302
https://wpcarey.asu.edu/faculty-research/departments,
200
https://washingtondc.asu.edu/news,
200
https://cfo.asu.edu/cfo-incident-reporting,
200
https://asunews.asu.edu/20150206-thunderbird-to-offer-undergrad-degree,
200
https://www.asu.edu/#,
200
https://cfo.asu.edu/canon,
200
https://graduate.asu.edu/plan-of-study,
200
https://contact.asu.edu/feedback,
200
https://catalog.asu.edu/policies/college,
200
https://graduate.asu.edu/rankings,
200
https://wpcarey.asu.edu/undergraduate-degrees/,
301
https://cfo.asu.edu/fs-datamanagement,
200
https://wpcarey.asu.edu/masters-programs,
200
https://cfo.asu.edu/budget-star,
200
https://cfo.asu.edu/uclub,
200
https://webapp4.asu.edu/programs/t5/majorinfo/ASU00/ESENGRMENG/graduate/false,
302
https://webapp4-qa.asu.edu/programs/t5/majorinfo/ASU00/LSENHCERT/undergrad/true,
302
https://havasu.asu.edu/#sidebar-left,
200
https://schoolofsustainability.asu.edu/degrees/bachelor-science/,
200
http://barretthonors.asu.edu/2015/02/barrett-students-expand-horizons-study-abroad-program-national-university-singapore/,
200
https://cronkite.asu.edu/#,
200
https://webapp4-qa.asu.edu/programs/t5/programs/AreaOfInterest/18/undergrad/false,
302
https://webapp4-qa.asu.edu/programs/t5/programs/Letter/B/graduate/false,
302
https://webapp4-qa.asu.edu/programs/t5/programs/Letter/ALL/graduate/false,
302
https://publicservice.asu.edu/content/executive-continuing-education,
200
https://asunews.asu.edu/faculty-staff-news,
200
https://cronkite.asu.edu/professional-programs,
200
https://webapp4-qa.asu.edu/programs/t5/majorinfo/ASU00/LAPHICERT/undergrad/true,
302
https://webapp4-qa.asu.edu/programs/t5/programs/College/CLS/undergrad/true,
302
https://webapp4-qa.asu.edu/programs/t5/programs/AreaOfInterest/21/undergrad/false,
302
https://artsandsciences.asu.edu/home,
200
http://engineering.asu.edu/people,
301
https://webapp4-qa.asu.edu/programs/t5/programs/Campus/TUCSN/graduate/Tucson/false,
302
https://asuonline.asu.edu/,
200
http://alumni.asu.edu/,
301
https://chs.asu.edu/resources?qt-resources=0#qt-resources,
200
https://schoolofsustainability.asu.edu/degrees/executive-master-sustainability-leadership/,
200
https://webapp4-qa.asu.edu/programs/t5/majorinfo/ASU00/FAFMPMIN/undergrad/true,
302
https://publicservice.asu.edu/content/criminal-justice-criminology,
301
http://students.asu.edu/student-records-grades,
301
https://webapp4-qa.asu.edu/programs/t5/majorinfo/ASU00/LAGLGMIN/undergrad/true,
302
mailto:sundevil@bkstr.com,
Weird Error
https://chs.asu.edu/programs/graduate,
200
https://artsandsciences.asu.edu/list/graduate,
200
http://intheloop.engineering.asu.edu/2015/02/25/learn-how-to-improve-your-nih-application/,
200
http://www.asu.edu/directory,
302
https://webapp4-qa.asu.edu/programs/t5/programs/Letter/U/graduate/false,
302
https://asunews.asu.edu/taxonomy/term/71/all,
200
https://wpcarey.asu.edu/#_,
200
https://campus.asu.edu/polytechnic/#main-content,
200
https://washingtondc.asu.edu/our-dc-portfolio#forums-and-events,
200
https://webapp4-qa.asu.edu/programs/t5/programs/Letter/C/undergrad/true#,
302
http://annualreport.asu.edu/,
301
http://innovation.asu.edu/degrees-programs/information-technology-undergraduate,
200
https://wpcarey.asu.edu/faculty-research,
200
https://publicservice.asu.edu/content/public-safety-leadership-administration-mpsla,
200
https://webapp4-qa.asu.edu/programs/t5/programs/Campus/DTPHX/graduate/Downtown%20Phoenix%20campus/false,
302
http://asuonline.asu.edu/online-degree-programs,
200
https://graduate.asu.edu/,
200
https://publicservice.asu.edu/content/minors-certificates,
200
http://education.asu.edu/,
301
http://students.asu.edu/academic-success,
301
https://webapp4-qa.asu.edu/programs/t5/programs/AreaOfInterest/03/undergrad/false,
302
https://research.asu.edu/#institutes,
200
https://students.asu.edu/graduate,
200
https://webapp4-qa.asu.edu/programs/t5/programs/AreaOfInterest/06/undergrad/false,
302
https://publicservice.asu.edu/content/news-archives,
200
http://herbergerinstitute.asu.edu/contact/,
200
https://students.asu.edu/residency,
200
https://engineering.asu.edu/discover/,
200
https://graduate.asu.edu/%5Bfield_url%5D,
404
http://www.asu.edu/tour,
301
https://education.asu.edu/iteachaz,
200
https://contact.asu.edu/,
200
https://webapp4-qa.asu.edu/programs/t5/programs/Letter/F/undergrad/true,
302
http://www.asu.edu/directory/,
302
http://herbergerinstitute.asu.edu/institute/,
200
https://washingtondc.asu.edu/past-events-archive,
200
https://asuonline.asu.edu/become-student/information-military-prospective-students,
200
http://catalog.asu.edu/,
301
https://webapp4-qa.asu.edu/programs/t5/majorinfo/ASU00/LASLSTCERT/undergrad/true,
302
https://washingtondc.asu.edu/our-dc-portfolio#applied-policy-centers,
200
http://asuonline.asu.edu/degree-programs,
301
https://www.facebook.com/asudpc,
200
http://barretthonors.asu.edu/admissions,
301
http://asuengineeringonline.com/programs,
301
http://www.asu.edu/,
200
https://washingtondc.asu.edu/our-dc-portfolio#asu-research,
200
http://engineering.asu.edu/contacts/,
200
http://syshealth.asu.edu/,
200
http://apps.law.asu.edu/Apps/WebEvents/Events.aspx,
200
http://asu.edu/myfuture/transfer/,
301
http://herbergerinstitute.asu.edu/alumni/,
200
mailto:HRESC@asu.edu,
Weird Error
https://webapp4-qa.asu.edu/programs/t5/majorinfo/ASU00/HIDGCMIN/undergrad/true,
302
https://education.asu.edu/edxchange,
200
https://schoolofsustainability.asu.edu/alumni-career/undergraduate-career-development/,
200
https://scholarships.asu.edu/,
302
https://webapp4-qa.asu.edu/programs/t5/majorinfo/ASU00/HIMUSPMIN/undergrad/true,
302
https://webapp4-qa.asu.edu/programs/t5/majorinfo/ASU00/ASLSCMIN/undergrad/true,
302
https://cfo.asu.edu/licensing,
200
https://wpcarey.asu.edu/information-systems-degrees,
200
https://weblogin.asu.edu/cgi-bin/login?callapp=https%3A%2F%2Fwebapp4-qa.asu.edu%2Fprograms%2Ft5%2Fprograms%2FLetter%2FF%2Fundergrad%2Ftrue%3Finit%3Dfalse,
302
http://cidse.engineering.asu.edu/prospective-students/engineering-management/,
301
https://webapp4-qa.asu.edu/programs/t5/majorinfo/ASU00/LACCOMCERT/undergrad/true,
302
https://cfo.asu.edu/fdm-planning,
200
https://publicservice.asu.edu/content/about,
200
http://herbergeracademy.asu.edu/,
200
https://webapp4-qa.asu.edu/programs/t5/majorinfo/ASU00/NUNHLMIN/undergrad/true,
302
https://washingtondc.asu.edu/student-programs#next-generation,
200
https://campus.asu.edu/polytechnic/index,
200
https://cronkite.asu.edu/experience/journal.php,
301
https://webapp4-qa.asu.edu/programs/t5/majorinfo/ASU00/ASWRTCERT/undergrad/true,
302
https://asuonline.asu.edu/online-degree-programs/undergraduate,
200
https://asunews.asu.edu/20150225-art-museum-millenium-photo,
200
https://herbergerinstitute.asu.edu/#hc_content,
200
https://cfo.asu.edu/fs-financial-controls,
200
https://www.asu.edu/colleges/,
301
http://hotline.asu.edu/,
302
http://barretthonors.asu.edu/news-events/,
200
https://transfer.asu.edu/transfer-asu?qt-important_dates_quick_tabs=1#qt-important_dates_quick_tabs,
301
https://twitter.com/ASUinDC,
200
https://asuonline.asu.edu/story-a-degree-of-distinction,
200
https://alumni.asu.edu/volunteer/asu-cares,
200
https://publicservice.asu.edu/content/social-work-phd,
301
https://education.asu.edu/teacher-education-degree-programs/phd-edd/doctor-of-philosophy-in-education-policy-and-evaluation,
200
http://hlc2013.asu.edu/sites/default/files/requiredmaterials/ArizonaStateUniversity_Doc.I_Self-StudyReport_01-13.pdf,
200
https://www.pinterest.com/pin/308567011944707728/,
200
https://education.asu.edu/clinical-experience,
200
http://asu.edu/parking/maps/west-current.pdf,
301
https://chs.asu.edu/programs,
200
https://webapp4-qa.asu.edu/programs/t5/programs/Letter/D/undergrad/true,
302
https://nursingandhealth.asu.edu/researchers,
200
http://barretthonors.asu.edu/about/visiting-barrett/,
200
https://washingtondc.asu.edu/national-policy-affairs,
200
https://wpcarey.asu.edu/about/visit-us,
301
https://publicservice.asu.edu/content/how-apply,
200
https://washingtondc.asu.edu/student-programs#mccain-institute,
200
http://herbergeronline.asu.edu/services/,
302
http://accreditation.asu.edu/,
302
https://asuonline.asu.edu/about-us/newsroom/asu-offers-new-scholarship-military-students,
200
http://twitter.com/asunursing,
301
https://webapp4-qa.asu.edu/programs/t5/programs/Campus/WEST/undergrad/West%20campus/false,
302
https://washingtondc.asu.edu/student-programs#continuing-education,
200
https://wpcarey.asu.edu/mba-programs/request-info,
200
http://communityengagement.education.asu.edu/,
301
https://webapp4-qa.asu.edu/programs/t5/majorinfo/ASU00/LASTAMIN/undergrad/true,
302
https://webapp4-qa.asu.edu/programs/t5/majorinfo/ASU00/LAEASCERT/undergrad/true,
302
http://www.asufoundation.org/about-us/news/ID/139/Beus-gift-to-law-school-reflects-affinity-for-ASU-concern-for-fellow-citizens,
200
http://barretthonors.asu.edu/academics/requirements-courses-and-contracts/honors-enrichment-contracts/,
301
http://herbergerinstitute.asu.edu/events/current.php,
200
https://publicservice.asu.edu/talks,
200
https://webapp4-qa.asu.edu/programs/t5/programs/Letter/U/undergrad/false,
302
https://nursingandhealth.asu.edu/news-tags/research-news,
200
https://schoolofsustainability.asu.edu/student-experience/honor-society-for-sustainability/,
200
https://webapp4-qa.asu.edu/programs/t5/programs/Letter/X/undergrad/false,
302
https://wpcarey.asu.edu/international-programs/china/english/photos,
200
https://chs.asu.edu/faculty-employment,
200
https://asunews.asu.edu/20150223-media-sales-institute,
200
https://wpcarey.asu.edu/faculty-research/research-centers,
200
http://cidse.engineering.asu.edu/forstudent/prospective-students/computer-systems-engineering/,
200
https://www.asu.edu/accessibility/,
200
mailto:askasu@asu.edu,
Weird Error
http://engineering.asu.edu/apply/,
200
http://technology.poly.asu.edu/,
301
https://cronkite.asu.edu/cronkite-launches-reynolds-business-reporting-bureau,
200
https://students.asu.edu/vip?qt-vip_page_tabs=1#qt-vip_page_tabs,
200
http://www.asufoundation.org/give,
301
https://publicservice.asu.edu/content/day-service,
200
https://webapp4-qa.asu.edu/programs/t5/programs/Letter/O/undergrad/true#,
302
https://weblogin.asu.edu/cgi-bin/login?callapp=https%3A%2F%2Fwebapp4-qa.asu.edu%2Fprograms%2Ft5%2Fprograms%2FCollege%2FCES%2Fundergrad%2Ftrue%3Finit%3Dfalse,
302
https://webapp4-qa.asu.edu/programs/t5/programs/Letter/Z/undergrad/true,
302
https://webapp4-qa.asu.edu/programs/t5/programs/Letter/L/undergrad/true#,
302
https://wpcarey.asu.edu/undergraduate-degrees/know-carey,
200
https://www.facebook.com/ASUHerberger,
200
https://research.asu.edu/#global,
200
https://washingtondc.asu.edu/national-policy-affairs#about,
200
https://education.asu.edu/resources/accrs,
200
https://webapp4-qa.asu.edu/programs/t5/programs/Letter/I/undergrad/false,
302
https://webapp4-qa.asu.edu/programs/t5/programs/Letter/L/undergrad/false,
302
https://webapp4-qa.asu.edu/programs/t5/programs/Letter/X/undergrad/true#,
302
https://requestinfo.asu.edu/prospect_form,
200
https://chs.asu.edu/undergraduate-academic-advising,
200
https://cronkite.asu.edu/#collapseFour,
200
https://transfer.asu.edu/international,
200
https://chs.asu.edu/shs,
200
https://vimeo.com/asuengineering,
200
https://chs.asu.edu/isbd,
200
http://accreditation.asu.edu/resourceroom/,
200
http://www.asu.edu/tour/polytechnic/index.html,
200
http://students.asu.edu/scholarships,
301
https://eoss.asu.edu/student_involvement,
200
https://schoolofsustainability.asu.edu/student-experience/graduate-writing/,
200
https://nursingandhealth.asu.edu/lrc,
200
https://sls.asu.edu/node/503,
302
https://publicservice.asu.edu/content/emergency-management-and-homeland-security-ma,
200
http://asunews.asu.edu/sitemap,
301
https://schoolofsustainability.asu.edu/degrees/energy-certificate/,
200
https://catalog.asu.edu/acad_pol_procedures,
200
https://cfo.asu.edu/emergency-students,
200
https://transfer.asu.edu/contact-us,
200
https://housing.asu.edu/,
200
https://www.pinterest.com/pin/308567011943169434/,
200
https://cfo.asu.edu/cfo-training-development,
200
https://webapp4-qa.asu.edu/programs/t5/programs/Letter/X/graduate/false,
302
http://vimeo.com/barretthonors,
301
https://wpcarey.asu.edu/international-programs/china/english/graduation-ceremony,
200
http://openhouse.engineering.asu.edu/,
200
http://scrd.asu.edu/,
200
https://webapp4-qa.asu.edu/programs/t5/majorinfo/ASU00/LASALCERT/undergrad/true,
302
http://morrisoninstitute.asu.edu/news/poll-education-and-water-should-be-arizona%E2%80%99s-top-priorities,
200
https://cfo.asu.edu/police-VIPS,
200
https://webapp4-qa.asu.edu/programs/t5/programs/Letter/Y/graduate/false,
302
http://www.facebook.com/ASUEngineering,
302
tel:480-965-5158,
Weird Error
http://www.asu.edu/privacy/,
200
https://webapp4-qa.asu.edu/programs/t5/programs/AreaOfInterest/23/undergrad/false,
302
https://cfo.asu.edu/police-records,
200
https://weblogin.asu.edu/cgi-bin/login?callapp=https%3A%2F%2Fwebapp4-qa.asu.edu%2Fprograms%2Ft5%2Fprograms%2FCollege%2FCSS%2Fundergrad%2Ftrue%3Finit%3Dfalse,
302
http://ipe.asu.edu/,
301
http://engineering.asu.edu/semte/Solar.html,
200
http://students.asu.edu/contact/admissions,
301
http://www.asu.edu/tour/downtown/,
200
https://cfo.asu.edu/emergency-preparedness,
200
https://washingtondc.asu.edu/#dc-is-the-platform-to-reach-the-world,
200
http://art.asu.edu/gallery/northlight/,
200
http://fullcircle.asu.edu/,
200
https://webapp4-qa.asu.edu/programs/t5/majorinfo/ASU00/LAPHYMIN/undergrad/true,
302
http://engineering.asu.edu/outreach/,
200
https://wpcarey.asu.edu/undergraduate-degrees/student-experience,
200
http://facebook.com/asuwestcampus,
301
https://webapp4.asu.edu/formmanager/FormUserController?form_id=13&source_id=1,
200
https://webapp4-qa.asu.edu/programs/t5/programs/Letter/A/undergrad/true#,
302
http://cidse.engineering.asu.edu/forstudent/prospective-students/informatics/,
200
http://instagram.com/fultonengineering,
301
http://www.asufoundation.org/how-to-give,
200
https://webapp4-qa.asu.edu/programs/t5/majorinfo/ASU00/LAROMMIN/undergrad/true,
302
https://asuonline.asu.edu/student-resources/student-perks,
200
https://schoolofsustainability.asu.edu/alumni-career/apply-graduation/,
200
http://students.asu.edu/registrar-semester-calendar,
301
https://washingtondc.asu.edu/student-programs#science-outside-the-lab,
200
https://asuonline.asu.edu/about-us/contact-us,
200
https://research.asu.edu/#services,
200
https://veterans.asu.edu/benefits/admitted,
200
https://webapp4-qa.asu.edu/programs/t5/majorinfo/ASU00/TSABSMIN/undergrad/true,
302
https://washingtondc.asu.edu/#examples-of-the-work-asu-is-doing-in-dc,
200
https://schoolofsustainability.asu.edu/student-experience/student-sustainability-research/,
200
https://healthsolutions.asu.edu/,
301
http://apps.law.asu.edu/Apps/News/NewsArchive.aspx?tag=8,
200
https://nursingandhealth.asu.edu/hartford,
200
https://webapp4-qa.asu.edu/programs/t5/programs/College/CHL/undergrad/false,
302
http://apps.law.asu.edu/Apps/News/NewsArchive.aspx?tag=9,
200
http://wpcarey.asu.edu/alumni,
301
https://nursingandhealth.asu.edu/welcome?destination=node/2551#,
200
http://students.asu.edu/clubs-activities,
301
https://nursingandhealth.asu.edu/faculty,
200
https://cfo.asu.edu/ehs,
200
https://education.asu.edu/teacher-education-degree-programs/masters-degree/master-education-educational-leadership,
200
http://www.asu.edu/colleges/downtown.html,
301
https://webapp4-qa.asu.edu/programs/t5/programs/Campus/TEMPE/graduate/Tempe%20campus/false,
302
https://schoolofsustainability.asu.edu/about/administration-staff/,
200
https://wpcarey.asu.edu/news-releases/2015-01-07/w-p-carey-school-ranks-top-5-nation,
200
https://education.asu.edu/job-opportunities,
200
http://www.asu.edu/career,
301
https://transfer.asu.edu/contactform,
301
https://asuonline.asu.edu/about-us/newsroom/hispanics-are-embracing-educational-opportunities,
200
https://students.asu.edu/undergraduate-admission#main-nav,
404
https://havasu.asu.edu/financialaid,
200
http://campus.asu.edu/polytechnic/contact/,
301
http://www.asu.edu/programs/,
301
https://webapp4-qa.asu.edu/programs/t5/programs/Letter/M/undergrad/true#,
302
https://weblogin.asu.edu/cgi-bin/login?callapp=https%3A%2F%2Fwebapp4-qa.asu.edu%2Fprograms%2Ft5%2Fprograms%2FLetter%2FD%2Fundergrad%2Ftrue%3Finit%3Dfalse,
302
http://skysong.asu.edu/,
301
http://graduate.asu.edu/,
301
https://www.asu.edu/?feature=athletics,
200
https://twitter.com/wpcareyschool,
200
https://webapp4-qa.asu.edu/programs/t5/programs/Letter/Y/undergrad/true#,
302
https://campus.asu.edu/west/administration,
200
https://webapp4-qa.asu.edu/programs/t5/programs/Letter/W/graduate/false,
302
https://webapp4-qa.asu.edu/programs/t5/programs/Letter/K/undergrad/false,
302
http://catalog.asu.edu/tuitionandfees/,
301
http://asuevents.asu.edu/,
301
https://webapp4-qa.asu.edu/programs/t5/majorinfo/ASU00/ASMATHMIN/undergrad/true,
302
http://innovation.asu.edu/degrees-programs/technological-entrepreneurship-management-undergraduate,
200
https://cfo.asu.edu/ehs-incident-reporting,
200
https://webapp4-qa.asu.edu/programs/t5/programs/Letter/W/undergrad/false,
302
https://cfo.asu.edu/ehs-labsafety,
200
https://students.asu.edu/wue/new-student-wue-eligibility-requirements,
200
https://webapp4-qa.asu.edu/programs/t5/majorinfo/ASU00/ASHISMIN/undergrad/true,
302
https://webapp4-qa.asu.edu/programs/t5/majorinfo/ASU00/FATHEMIN/undergrad/true,
302
https://cfo.asu.edu/cfo-news-announcements,
200
https://cronkite.asu.edu/cronkite-school-programs,
301
https://education.asu.edu//scholarship-opportunities,
200
https://havasu.asu.edu/employment,
200
https://webapp4.asu.edu/uga_admissionsapp,
302
https://weblogin.asu.edu/cgi-bin/login?callapp=https%3A%2F%2Fwebapp4-qa.asu.edu%2Fprograms%2Ft5%2Fprograms%2FLetter%2FW%2Fundergrad%2Ftrue%3Finit%3Dfalse,
302
http://intheloop.engineering.asu.edu/2015/01/14/promotion-tenure-workshops/,
200
http://barretthonors.asu.edu/welcome/resources-for-parents/,
200
http://help.asu.edu/sims/selfhelp/SelfhelpKbView.seam?parature_id=8373-8193-4508&source=Selfhelp&cid=6113,
301
https://webapp4-qa.asu.edu/programs/t5/majorinfo/ASU00/LAASTMIN/undergrad/true,
302
http://asunews.asu.edu/taxonomy/term/72/all,
301
https://wpcarey.asu.edu/doctoral-programs,
200
http://thesundevils.collegesports.com/,
301
https://cronkite.asu.edu/experience/internships.php,
301
https://publicservice.asu.edu/,
200
https://webapp4-qa.asu.edu/programs/advancedsearch/graduate/false,
200
https://nursingandhealth.asu.edu/asun/index.htm,
200
https://publicservice.asu.edu/content/graduate-students,
200
https://cfo.asu.edu/police-tips,
200
https://webapp4-qa.asu.edu/programs/t5/programs/College/CES/undergrad/false,
302
https://students.asu.edu/student-records-grades,
200
https://students.asu.edu/colleges#main-nav,
200
https://schoolofsustainability.asu.edu/student-experience/sustainable-campus/,
200
https://www.law.asu.edu/NewsEvents/legaleducationinthefuturetense.aspx,
200
https://weblogin.asu.edu/cgi-bin/login?callapp=https%3A%2F%2Fwebapp4-qa.asu.edu%2Fprograms%2Ft5%2Fprograms%2FCollege%2FCTE%2Fundergrad%2Ftrue%3Finit%3Dfalse,
302
https://uc.asu.edu/programs/refresher,
200
https://wpcarey.asu.edu/recruiters-corporations/student-solutions,
200
https://education.asu.edu/resources/events/information-session-online-%E2%80%94-learning-sciences-masters-1,
200
https://uc.asu.edu/academic,
200
https://transfer.asu.edu/california,
200
http://innovation.asu.edu/degrees-programs/engineering-computing-systems/manufacturing-engineering-technology-graduate,
404
https://engineering.asu.edu/semte/,
200
https://tutoring.asu.edu/,
200
https://connect.publicservice.asu.edu/,
200
https://engineering.asu.edu/,
200
https://education.asu.edu/impact,
200
https://engineering.asu.edu/#,
200
https://webapp4-qa.asu.edu/programs/t5/majorinfo/ASU00/ASFAMCCERT/undergrad/true,
302
https://wpcarey.asu.edu/international-programs/china/english/dba/overview,
200
https://webapp4-qa.asu.edu/programs/t5/majorinfo/ASU00/LACHIMIN/undergrad/true,
302
http://apps.law.asu.edu/Apps/News/NewsArchive.aspx?tag=10,
200
http://www.asu.edu/privacy/security.html,
200
https://asuonline.asu.edu/why-asu-online/support,
200
http://fullcircle.asu.edu/research/water-studies-to-help-prepare-for-changing-environmental-conditions/,
200
https://schoolofsustainability.asu.edu/degrees/masters-international/,
200
https://weblogin.asu.edu/cgi-bin/login?callapp=https%3A%2F%2Fwebapp4-qa.asu.edu%2Fprograms%2Ft5%2Fprograms%2FCollege%2FCLA%2Fundergrad%2Ftrue%3Finit%3Dfalse,
302
http://engineering.asu.edu/facultystaff,
301
https://www.asu.edu/#main,
200
http://barretthonors.asu.edu/about/visiting-barrett/schedule-a-tour/,
301
https://cronkite.asu.edu/experience/internship_faq.php,
301
https://webapp4-qa.asu.edu/programs/t5/programs/Campus/ONLNE/undergrad/online/true,
302
http://nursingandhealth.asu.edu/advising,
301
http://www.west.asu.edu/newcollege/,
302
https://engineering.asu.edu/scholarships/,
200
https://cfo.asu.edu/police-directory,
200
https://nursingandhealth.asu.edu/events,
200
http://instagram.com/asupublicsvc/,
301
https://webapp4-qa.asu.edu/programs/t5/majorinfo/ASU00/FAARTHMIN/undergrad/true,
302
https://webapp4-qa.asu.edu/programs/t5/majorinfo/ASU00/LARUSMIN/undergrad/true,
302
https://facebook.com/wpcareyschool,
301
https://cfo.asu.edu/solar,
200
https://education.asu.edu/resources/student-life,
200
https://education.asu.edu/about/mary-lou-fulton-teachers-college-mission,
200
https://webapp4-qa.asu.edu/programs/t5/majorinfo/ASU00/LACHLFCERT/undergrad/true,
302
https://cronkite.asu.edu/node/2986,
200
https://cronkite.asu.edu/node/2987,
301
https://cronkite.asu.edu/node/2988,
301
https://cronkite.asu.edu/node/2989,
301
http://www.asu.edu/privacy/parentalform.pdf,
200
https://asunews.asu.edu/newscoverage_archives,
200
https://transfer.asu.edu/communitycollege/AZ,
200
https://cronkite.asu.edu/#collapseThree,
200
https://nursingandhealth.asu.edu/directory/faculty,
200
http://about.asu.edu/credits/,
200
https://education.asu.edu/resources/news/asu-unveils-new-center-study-global-education,
200
https://www.law.asu.edu/faculty,
301
http://sls.asu.edu/,
302
https://catalog.asu.edu/course_classification,
200
https://washingtondc.asu.edu/about#services-for-faculty,
200
https://transfer.asu.edu/#main-menu,
200
https://schoolofsustainability.asu.edu/degrees/sustainability-minor/,
200
https://education.asu.edu/resources/events/information-session-%E2%80%93-online-masters-programs-leading-teacher-certification-mac-0,
200
https://cfo.asu.edu/cfo-events-alcohol-permits,
200
https://www.asu.edu/maps,
302
https://sites.google.com/site/bestlearningforever/homepage,
200
https://schoolofsustainability.asu.edu/alumni-career/careers-in-sustainability/,
200
http://innercircle.engineering.asu.edu/event/spring-break-classes-excused/,
200
https://webapp4-qa.asu.edu/programs/t5/programs/Concurrent/all/undergrad/false,
302
https://www.asu.edu/copyright/,
200
https://students.asu.edu/registration,
200
https://webapp4-qa.asu.edu/programs/t5/majorinfo/ASU00/LAJUDCERT/undergrad/true,
302
https://washingtondc.asu.edu//student-programs,
200
https://nursingandhealth.asu.edu/health-brief-newsletter,
200
https://schoolofsustainability.asu.edu/admissions/apply/,
200
http://hlc2013.asu.edu/accreditation,
200
http://more.engineering.asu.edu/cen/,
301
https://asuonline.asu.edu/#,
200
https://cronkite.asu.edu/experience/internships,
200
https://chs.asu.edu/student-stories/anna-park,
200
https://wpcarey.asu.edu/mba-programs,
200
http://president.asu.edu/,
200
http://housing.asu.edu/content/west-campus,
301
http://www.asu.edu/programs,
301
https://campus.asu.edu/west/faq,
200
https://schoolofsustainability.asu.edu/,
200
https://schoolofsustainability.asu.edu/events/,
200
https://schoolofsustainability.asu.edu/events/rsvp/gail-morris,
301
https://havasu.asu.edu/visit,
200
https://webapp4-qa.asu.edu/programs/t5/programs/Letter/Z/graduate/false,
302
http://wpcarey.asu.edu/,
301
https://cronkite.asu.edu/node/909,
301
http://cronkite.asu.edu/must-see-mondays-journalism-entrepreneurship-discussion,
200
https://asuonline.asu.edu/recruiter,
200
https://publicservice.asu.edu/content/transfer-student-orientation,
200
https://webapp4-qa.asu.edu/programs/t5/majorinfo/ASU00/LACMSMIN/undergrad/true,
302
https://education.asu.edu/costa-rica-study-abroad,
200
https://webapp4-qa.asu.edu/programs/t5/majorinfo/ASU00/LAAPAMIN/undergrad/true,
302
https://students.asu.edu/military,
301
https://webapp4-qa.asu.edu/programs/t5/majorinfo/ASU00/BASMBCERT/undergrad/true,
302
https://webapp4-qa.asu.edu/programs/t5/majorinfo/ASU00/HISEPCERT/undergrad/true,
302
http://herbergerinstitute.asu.edu/admissions/,
200
http://campus.asu.edu/downtown/,
301
http://innercircle.engineering.asu.edu/event/furi-symposium-prep-workshop-3/,
200
https://education.asu.edu/contact,
200
http://conferences.asucollegeoflaw.com/ediscovery2015/,
200
https://webapp4-qa.asu.edu/programs/t5/programs/AreaOfInterest/05/undergrad/false,
302
https://webapp4-qa.asu.edu/programs/t5/majorinfo/ASU00/LAETHCERT/undergrad/true,
302
https://cfo.asu.edu/fs-references,
200
http://www.asu.edu/excellence,
301
https://webapp4-qa.asu.edu/programs/t5/majorinfo/ASU00/BALIBCERT/undergrad/true,
302
https://webapp4-qa.asu.edu/programs/t5/majorinfo/ASU00/SUSUSMIN/undergrad/true,
302
http://students.asu.edu/contact/undergraduate-admissions,
301
http://ame.asu.edu/,
200
https://chs.asu.edu/bmi,
200
http://conferences.asucollegeoflaw.com/sportslawbusiness/,
200
https://washingtondc.asu.edu/our-dc-portfolio#national-affiliations,
200
http://asuresearchpark.com/,
200
https://webapp4-qa.asu.edu/programs/t5/programs/College/CLS/undergrad/false,
302
https://schoolofsustainability.asu.edu/degrees/,
200
https://asuonline.asu.edu/online-degree-programs/undergraduate/minors,
200
https://washingtondc.asu.edu/#,
200
https://cfo.asu.edu/ehs-insuranceservices,
200
http://communityschool.asu.edu/,
200
http://cfo.asu.edu/audit-hotline,
301
https://publicservice.asu.edu/file/2049,
200
https://education.asu.edu/teacher-education-graduate-certificate-programs,
200
https://transfer.asu.edu/repallcalendar-node-field-avail-app-date/week,
200
http://www.law.asu.edu/Default.aspx?TabID=3110,
200
http://www.linkedin.com/groups/ASU-Mary-Lou-Fulton-Teachers-6536044/about,
301
https://wpcarey.asu.edu/masters-programs/global-logistics,
200
http://www.flickr.com/fultonengineering,
301
https://visit.asu.edu/node/572,
200
https://webapp4-qa.asu.edu/programs/t5/majorinfo/ASU00/PPTDMSMIN/undergrad/true,
302
https://wpcarey.asu.edu/masters-programs/management,
200
https://uc.asu.edu/about,
200
https://wpcarey.asu.edu/faculty-research/achievements,
200
https://cronkite.asu.edu/node/917,
301
http://asuartmuseum.asu.edu/,
200
https://sbhse.engineering.asu.edu/biologicaldesign/,
200
https://webapp4-qa.asu.edu/programs/t5/programs/Letter/A/undergrad/true,
302
https://schoolofsustainability.asu.edu/about/graduate-students/,
200
https://webapp4-qa.asu.edu/programs/t5/majorinfo/ASU00/FAMUSMIN/undergrad/true,
302
https://cronkite.asu.edu/assets/pdf/Undergrad-JMC-Check-Sheet.pdf,
200
http://fullcircle.asu.edu/faculty/vivoni-chosen-for-prestigious-leadership-program/,
200
http://www.asu.edu/graduate/,
302
https://transfer.asu.edu/contact,
200
https://washingtondc.asu.edu/#opportunities-for-students-and-faculty,
200
http://innovation.asu.edu/degrees-programs/human-environmental-systems/aviation-management-human-factors-graduate,
200
https://schoolofsustainability.asu.edu//news/thought-leader/,
200
http://prelaw.asu.edu/connect/advising,
302
https://twitter.com/asugreen,
200
https://education.asu.edu/teacher-education-masters-programs,
200
https://cfo.asu.edu/fs-best-practices,
200
http://www.asu.edu/admin/,
200
https://webapp4-qa.asu.edu/programs/t5/majorinfo/ASU00/LSTECCERT/undergrad/true,
302
http://www.snai.edu/,
200
https://webapp4-qa.asu.edu/programs/t5/majorinfo/ASU00/ASSBSMIN/undergrad/true,
302
https://webapp4-qa.asu.edu/programs/t5/majorinfo/ASU00/LACVECERT/undergrad/true,
302
https://publicservice.asu.edu/content/transforming-communities,
200
https://webapp4-qa.asu.edu/programs/t5/programs/Letter/D/undergrad/false,
302
https://schoolofsustainability.asu.edu/about/video-library/,
200
https://webapp4-qa.asu.edu/programs/t5/programs/Letter/P/undergrad/true,
302
https://webapp4-qa.asu.edu/programs/t5/programs/Letter/J/undergrad/false,
302
http://engineering.asu.edu/people/,
200
https://webapp4.asu.edu/programs/t5/MajorMaps,
302
https://webapp4-qa.asu.edu/programs/t5/programs/Letter/V/undergrad/false,
302
tel:480-965-3521,
Weird Error
https://webapp4-qa.asu.edu/programs/t5/programs/Letter/P/undergrad/false,
302
https://cfo.asu.edu/fs-ptr,
200
http://www.thesundevils.com/ViewArticle.dbml?ATCLID=208254939&DB_OEM_ID=30300,
200
https://graduate.asu.edu/forms,
200
http://WUE@asu.edu/,
301
https://cronkite.asu.edu/experience,
301
https://cfo.asu.edu/budget,
200
https://students.asu.edu/cost-attendance#main,
404
http://transfer.asu.edu/,
301
https://webapp4-qa.asu.edu/programs/t5/programs/Letter/R/graduate/false,
302
https://schoolofsustainability.asu.edu/alumni-career/alumni-chapter-leadership/,
200
https://transfer.asu.edu/transfer-asu?qt-important_dates_quick_tabs=0#qt-important_dates_quick_tabs,
301
https://webapp4-qa.asu.edu/programs/t5/programs/Letter/W/undergrad/true#,
302
https://chs.asu.edu/about,
200
https://cfo.asu.edu/bts,
200
https://asuonline.asu.edu/about-us/state-contact-info,
200
https://webapp4.asu.edu/programs/t5/majorinfo/ASU00/HIDGCMPBA/undergrad/false,
302
https://engineering.asu.edu/schools/,
200
https://schoolofsustainability.asu.edu/admissions/financial-aid/,
200
http://www.thesundevils.com/ViewArticle.dbml?ATCLID=209412282&DB_OEM_ID=30300,
200
https://webapp4-qa.asu.edu/programs/t5/programs/Letter/Q/undergrad/true#,
302
http://cls.asu.edu/,
302
http://engineering.asu.edu/advising,
301
https://www.law.asu.edu/alumniandfriends,
302
https://schoolofsustainability.asu.edu/degrees/complex-adaptive-systems-certificate/,
200
http://www.youtube.com/asu,
301
https://webapp4-qa.asu.edu/programs/t5/programs/Letter/K/undergrad/true#,
302
https://schoolofsustainability.asu.edu/about/media-contact/,
200
https://ce.asu.edu/continuing-education/,
200
http://bit.ly/N6cRh6,
301
https://wpcarey.asu.edu/news-releases,
200
https://webapp4-qa.asu.edu/programs/t5/majorinfo/ASU00/LATESLCERT/undergrad/true,
302
http://asu.edu/programs,
301
http://www.asu.edu/map/interactive/?campus=tempe,
200
https://webapp4-qa.asu.edu/programs/t5/majorinfo/ASU00/LAINSCERT/undergrad/true,
302
https://weblogin.asu.edu/cgi-bin/login?callapp=https%3A%2F%2Fwebapp4-qa.asu.edu%2Fprograms%2Ft5%2Fprograms%2FCollege%2FCBA%2Fundergrad%2Ftrue%3Finit%3Dfalse,
302
http://hlc2013.asu.edu/asuwebauth-login,
302
https://webapp4-qa.asu.edu/programs/t5/programs/Letter/E/graduate/false,
302
http://barretthonors.asu.edu/student-life/sustainability-and-innovation/sustainability-house-at-barrett/,
301
https://washingtondc.asu.edu/all-upcoming-events,
200
https://deanboone.asu.edu/,
200
http://students.asu.edu/tuitionandbilling,
301
https://wpcarey.asu.edu/undergraduate-degrees/choose-degree,
200
http://www.asu.edu/hr/documents/BRT_Flyer.pdf,
200
http://www.twitter.com/asu,
301
https://chs.asu.edu/student-stories/rene-utianski,
200
https://education.asu.edu/itis,
200
https://artsandsciences.asu.edu/list/undergrad,
200
https://washingtondc.asu.edu/about#visitor-information,
200
https://publicservice.asu.edu/file/2414,
200
https://webapp4-qa.asu.edu/programs/t5/programs/AreaOfInterest/11/graduate/false,
302
https://webapp4-qa.asu.edu/programs/t5/programs/AreaOfInterest/04/undergrad/false,
302
https://publicservice.asu.edu/content/leadership,
200
https://www.facebook.com/asunursingandhealth,
200
https://wpcarey.asu.edu/international-programs/china/english/annual-executive-forum,
200
http://fullcircle.asu.edu/research/workshop-helps-to-spark-pursuit-of-rehabilitation-robotics-progress/,
200
http://cfo.asu.edu/ehs-environmentalaffairs,
301
https://students.asu.edu/tuitionandbillingcontact,
200
http://students.asu.edu/jobs-careers,
301
http://hlc2013.asu.edu/hlc,
200
https://publicservice.asu.edu/copp_directory,
200
https://nursingandhealth.asu.edu/news/arizona-university-students-collaborate-op...,
404
https://asunews.asu.edu/20150220-online-journalism-teaching-certificate,
200
https://asuonline.asu.edu/what-it-costs/scholarship-opportunities,
200
https://wpcarey.asu.edu/international-programs/china/english/emba/admissions,
200
https://herbergerinstitute.asu.edu/#asu_nav,
200
http://prlab.jmc.asu.edu/,
200
http://more.engineering.asu.edu/parents/,
200
http://www.linkedin.com/groups?gid=5000296&trk=vsrp_groups_res_name&trkInfo=VSRPsearchId%3A350781201374258325531%2CVSRPtargetId%3A5000296%2CVSRPcmpt%3Aprimary,
301
https://uc.asu.edu/programs/success,
200
https://students.asu.edu/wue/current-student-wue-eligibility-requirements,
200
http://cfo.asu.edu/hr-applicant,
301
https://www.law.asu.edu/Default.aspx,
200
https://schoolofsustainability.asu.edu/events/rsvp/dennis-mcclung,
301
http://asu.edu/myfuture/index-desktop.html,
301
https://webapp4-qa.asu.edu/programs/t5/programs/College/CAS/graduate/false,
302
https://wpcarey.asu.edu/masters-programs/real-estate-development,
200
https://uc.asu.edu/about/contact,
200
https://www.eventbrite.com/e/richard-epstein-linguistic-relativism-decline-of-the-rule-of-law-tickets-15882965377,
200
https://weblogin.asu.edu/cgi-bin/login?callapp=https%3A%2F%2Fwebapp4-qa.asu.edu%2Fprograms%2Ft5%2Fprograms%2FLetter%2FC%2Fundergrad%2Ftrue%3Finit%3Dfalse,
302
https://webapp4-qa.asu.edu/programs/t5/majorinfo/ASU00/LASOTCERT/undergrad/true,
302
https://washingtondc.asu.edu/about#twitter,
200
https://students.asu.edu/admission/wue#main,
200
https://cfo.asu.edu/fdm-moving-event-services,
200
https://www.law.asu.edu/admissions,
301
https://students.asu.edu/print/26391,
200
https://students.asu.edu/international/future/undergrad,
200
https://webapp4-qa.asu.edu/programs/t5/majorinfo/ASU00/LAHRTSCERT/undergrad/true,
302
http://blogs.wpcarey.asu.edu/undergrad/avoiding-high-school-senioritis-some-tips-for-incoming-freshmen,
301
https://cronkite.asu.edu/we-support-cronkite,
200
https://students.asu.edu/print/26389,
200
https://schoolofsustainability.asu.edu/admissions/graduate/,
200
https://publicservice.asu.edu/alumni,
200
http://engineering.asu.edu/career/,
200
http://ccj.asu.edu/,
200
https://schoolofsustainability.asu.edu/degrees/bachelor-arts/,
200
https://webapp4-qa.asu.edu/programs/t5/programs/Letter/E/undergrad/true#,
302
https://cfo.asu.edu/emergency-employee,
200
https://eoss.asu.edu/health/resources/wellness,
200
https://research.asu.edu/,
200
https://webapp4-qa.asu.edu/programs/t5/majorinfo/ASU00/BAECNUERT/undergrad/true,
302
https://nursingandhealth.asu.edu/prospective-students/getting-started,
200
https://catalog.asu.edu/catalog_review_resources,
200
http://www.asufoundation.org/,
200
https://twitter.com/Cronkite_ASU,
200
http://gallery.digitalculture.asu.edu/,
200
http://my.health.asu.edu/default.aspx,
301
https://wpcarey.asu.edu/calendarofevents/,
301
http://www.asu.edu/aad/manuals/spp/spp1101.html,
200
https://wpcarey.asu.edu/about/contact,
200
https://itunes.apple.com/us/app/asu-thrive/id945502156?mt=8,
200
https://asunews.asu.edu/20150226-sustainability-as-freedom-lecture,
200
https://publicservice.asu.edu/content/asu-innovation-challenge,
301
https://education.asu.edu/resources,
200
https://webapp4-qa.asu.edu/programs/t5/programs/College/CES/undergrad/true#,
302
https://cfo.asu.edu/bike-theft,
200
https://students.asu.edu/wellness,
301
https://catalog.asu.edu/undergraduate,
200
https://cfo.asu.edu/fdm-architecture,
200
https://securelb.imodules.com/s/1469/foundation/Inner2Columns3.aspx?sid=1469&gid=2&pgid=426&cid=1155&utm_source=asufoundation.org%20nav&utm_medium=web&utm_campaign=ASUF%20website,
200
https://nursingandhealth.asu.edu/,
200
http://asuevents.asu.edu/west,
301
https://webapp4-qa.asu.edu/programs/t5/programs/Letter/C/undergrad/true,
302
https://webapp4-qa.asu.edu/programs/t5/majorinfo/ASU00/ASETHMIN/undergrad/true,
302
https://schoolofsustainability.asu.edu/admissions/undergraduate/,
200
https://cfo.asu.edu/hr-recognition,
200
https://webapp4-qa.asu.edu/programs/t5/majorinfo/ASU00/ESCPICERT/undergrad/true,
302
https://schoolofsustainability.asu.edu/about/what-is-sustainability/,
200
https://webapp4-qa.asu.edu/programs/t5/programs/Campus/DTPHX/undergrad/Downtown%20Phoenix%20campus/true#,
302
https://webapp4-qa.asu.edu/programs/t5/majorinfo/ASU00/TEECEDMIN/undergrad/true,
302
https://publicservice.asu.edu/content/internships,
200
https://education.asu.edu/teacher-education-undergraduate-certificate-programs,
200
https://schoolofsustainability.asu.edu/degrees/undergraduate-courses/,
200
https://webapp4-qa.asu.edu/programs/t5/majorinfo/ASU00/LAPOSMIN/undergrad/true,
302
https://wpcarey.asu.edu/international-programs/china/english/dba-admissions,
200
http://cidse.engineering.asu.edu/forstudent/prospective-students/computer-science/,
200
https://engineering.asu.edu/visit/,
200
https://eoss.asu.edu/dos/supportservices,
200
http://asupublicservice.tumblr.com/,
200
https://students.asu.edu/counselors,
200
https://wpcarey.asu.edu/masters-programs/accounting-taxation,
200
https://webapp4-qa.asu.edu/programs/t5/programs/Campus/POLY/undergrad/Polytechnic%20campus/false,
302
https://schoolofsustainability.asu.edu/admissions/undergraduate-info-sessions/,
200
https://webapp4-qa.asu.edu/programs/t5/programs/Letter/A/graduate/false,
302
https://www.flickr.com/photos/asucronkite,
200
https://asuonline.asu.edu/how-it-works/libraries,
200
https://webapp4-qa.asu.edu/programs/t5/programs/Campus/WEST/undergrad/West%20campus/true#,
302
https://securelb.imodules.com/s/1469/foundation/Inner2Columns3.aspx?sid=1469&gid=2&pgid=426&cid=1155&bledit=1&dids=78.77.79.440.707,
200
https://webapp4-qa.asu.edu/programs/t5/majorinfo/ASU00/ASPGSMIN/undergrad/true,
302
https://webapp4-qa.asu.edu/programs/t5/programs/AreaOfInterest/20/graduate/false,
302
https://cfo.asu.edu/budget-tuition-fees-surcharge,
200
https://herbergerinstitute.asu.edu/,
200
http://students.asu.edu/academic-calendar,
301
http://students.asu.edu/career/sdcl,
301
http://asualumni.org/s/1469/alumni/index.aspx?gid=3&pgid=61,
200
https://wpcarey.asu.edu/about/campus-locations,
200
http://www.sundevilclub.com/,
200
https://weblogin.asu.edu/cgi-bin/login?callapp=##w.l##,
302
https://weblogin.asu.edu/cgi-bin/login?callapp=https%3A%2F%2Fwebapp4-qa.asu.edu%2Fprograms%2Ft5%2Fprograms%2FCollege%2FCPP%2Fundergrad%2Ftrue%3Finit%3Dfalse,
302
https://weblogin.asu.edu/cgi-bin/login?callapp=https%3A%2F%2Fwebapp4-qa.asu.edu%2Fprograms%2Ft5%2Fprograms%2FLetter%2FU%2Fundergrad%2Ftrue%3Finit%3Dfalse,
302
http://president.asu.edu/about/michaelcrow,
200
https://webapp4-qa.asu.edu/programs/t5/programs/Letter/N/graduate/false,
302
https://education.asu.edu/faculty/faculty-awards,
200
https://washingtondc.asu.edu/our-dc-portfolio#consortium-for-science-policy-outcomes,
200
http://artsandsciences.asu.edu/20100430_NSFcareer,
200
https://webapp4-qa.asu.edu/programs/t5/programs/Letter/L/undergrad/true,
302
https://campus.asu.edu/west/research,
200
http://barretthonors.asu.edu/event/symposium/,
200
https://webapp4-qa.asu.edu/programs/t5/programs/AreaOfInterest/15/graduate/false,
302
http://cfo.asu.edu/pts-services,
301
http://innovation.asu.edu/degrees-programs/applied-science-undergraduate,
200
https://wpcarey.asu.edu/international-programs/china/english/custom-programs,
200
http://diversity.asu.edu/asudiversityplan,
301
https://washingtondc.asu.edu/events-news,
200
http://alumni.asu.edu/membership/benefits,
301
https://webapp3.asu.edu/spms/public.aspx,
200
http://barretthonors.asu.edu/welcome/honors-listserv/,
200
https://students.asu.edu/changingmajors#main-nav,
200
https://weblogin.asu.edu/cgi-bin/login?callapp=https%3A%2F%2Fwebapp4-qa.asu.edu%2Fprograms%2Ft5%2Fprograms%2FLetter%2FL%2Fundergrad%2Ftrue%3Finit%3Dfalse,
302
https://webapp4.asu.edu/programs/t5/programs/Keyword/wue/undergrad/false,
302
http://www.asu.edu/colleges,
301
https://webapp4-qa.asu.edu/programs/t5/majorinfo/ASU00/LAPHIMIN/undergrad/true,
302
http://music.asu.edu/,
200
https://chs.asu.edu/invest,
200
https://asuonline.asu.edu/story-the-right-direction,
200
https://webapp4-qa.asu.edu/programs/t5/majorinfo/ASU00/ARLNDMIN/undergrad/true,
302
https://publicservice.asu.edu/pasttalks,
200
http://conferences.asucollegeoflaw.com/get2015/,
200
https://webapp4-qa.asu.edu/programs/t5/majorinfo/ASU00/LASPACERT/undergrad/true,
302
https://cronkite.asu.edu/experience/studentorganizations.php,
301
https://cfo.asu.edu/ured,
200
http://foursquare.com/asu,
301
https://schoolofsustainability.asu.edu/about/request-information/,
200
https://webapp4-qa.asu.edu/programs/t5/majorinfo/ASU00/LASPAMIN/undergrad/true,
302
http://fullcircle.asu.edu/research/new-asu-center-aims-for-negative-carbon-emissions/,
200
https://webapp4-qa.asu.edu/programs/t5/majorinfo/ASU00/LAASBMIN/undergrad/true,
302
http://vimeo.com/105184398,
301
http://research.wpcarey.asu.edu/,
200
https://skysong.asu.edu/space/affiliate,
200
https://education.asu.edu/resources/news/asu-trained-teachers-their-students-inspire-hollywood-movie,
200
https://students.asu.edu/contact/office-university-registrar,
200
https://webapp4-qa.asu.edu/programs/t5/programs/Letter/Y/undergrad/true,
302
https://weblogin.asu.edu/cgi-bin/login?callapp=https%3A%2F%2Fwebapp4-qa.asu.edu%2Fprograms%2Ft5%2Fprograms%2FLetter%2FA%2Fundergrad%2Ftrue%3Finit%3Dfalse,
302
https://webapp4-qa.asu.edu/programs/t5/programs/Letter/T/undergrad/true,
302
https://havasu.asu.edu/tuition,
200
http://wpcarey.asu.edu/mba/china-program/english/,
301
https://cfo.asu.edu/fdm-sign-shop-services,
200
https://publicservice.asu.edu/content/study-abroad,
200
https://transfer.asu.edu/,
200
http://ssw.asu.edu/,
200
http://asu.edu/10yr/,
301
http://herbergerinstitute.asu.edu/,
200
http://www.asu.edu/tour/havasu/index.html,
200
https://wpcarey.asu.edu/international-programs/china/english/deans,
200
http://engineering.asu.edu/admissions/,
200
https://schoolofsustainability.asu.edu/student-experience/earning-internship-credit/,
200
https://washingtondc.asu.edu/national-policy-affairs#lobbying-disclosure-form,
200
http://asunews.asu.edu/taxonomy/term/71/all,
301
https://nursingandhealth.asu.edu/news/alan-rawls-appointment-advances-asu-clinical-partnerships,
200
https://webapp4-qa.asu.edu/programs/t5/majorinfo/ASU00/LASLPACERT/undergrad/true,
302
http://copp.asu.edu/,
301
http://www.sparkysstadiumshop.com/,
200
https://washingtondc.asu.edu/facilities#mccain-institute,
200
https://wpcarey.asu.edu/events/3220,
200
https://wpcarey.asu.edu/international-programs/china/english/emba/curriculum,
200
http://herbergerinstitute.asu.edu/institute/employment_faculty.php,
200
https://webapp4-qa.asu.edu/programs/t5/programs/AreaOfInterest/13/undergrad/false,
302
https://www.law.asu.edu/#,
200
https://publicservice.asu.edu/content/internships-mentors,
200
https://webapp4-qa.asu.edu/programs/t5/programs/AreaOfInterest/19/undergrad/false,
302
https://skysong.asu.edu/industry/economic-development,
200
https://wpcarey.asu.edu/international-programs/china/english/dba-curriculum,
200
https://campus.asu.edu/downtown/administration,
200
https://webapp4-qa.asu.edu/programs/t5/programs/Campus/DTPHX/undergrad/Downtown%20Phoenix%20campus/true,
302
https://transfer.asu.edu/should-i-transfer-colleges,
200
http://blogs.wpcarey.asu.edu/graduate/how-to-apply-for-financial-aid,
301
https://cfo.asu.edu/fs-reports,
200
http://graduate.asu.edu/admissions/degree_requirements,
301
https://students.asu.edu/apply/,
301
http://innovation.asu.edu/degrees-programs/management-technology-graduate,
200
https://washingtondc.asu.edu/national-policy-affairs#asu-fy14-congressional-priorities,
200
https://copp.asu.edu/,
301
https://campus.asu.edu/downtown/#main-content,
200
https://cfo.asu.edu/fdm-buildingmaintenance-outages-shutdowns,
200
https://wpcarey.asu.edu/masters-programs/request-info,
200
https://nursingandhealth.asu.edu/faculty/national-faculty-awards,
200
https://sites.google.com/a/asu.edu/tc-graduate-student-resources/introduction/student-success-staff,
200
http://westcampusconnect.asu.edu/,
200
http://students.asu.edu/admission/wue,
301
http://asuevents.asu.edu/downtown,
301
http://www.asu.edu/counsel/brief/ferpa.html,
200
https://graduate.asu.edu/news,
200
https://uc.asu.edu/about/jobs,
200
https://publicservice.asu.edu/content/contact,
200
https://publicservice.asu.edu/content/future-students,
200
https://wpcarey.asu.edu/events/3247,
200
https://schoolofsustainability.asu.edu/student-experience/sustainability-review/,
200
https://schoolofsustainability.asu.edu/about/contact/,
200
https://graduate.asu.edu/egss,
200
https://plus.google.com/106294374960030689911/posts,
200
https://cfo.asu.edu/ehs-office-safety,
200
https://nursingandhealth.asu.edu/programs,
200
https://webapp4-qa.asu.edu/programs/t5/majorinfo/ASU00/PPCRJMIN/undergrad/true,
302
http://www.asu.edu/accessibility/,
200
https://webapp4-qa.asu.edu/programs/t5/programs/Letter/V/graduate/false,
302
http://www.azcentral.com/story/news/local/tempe/2014/08/16/ua-asu-among-top-research-universities-world/14153035/,
302
http://innovation.asu.edu/,
200
http://entrepreneurship.asu.edu/,
301
https://webapp4-qa.asu.edu/programs/t5/programs/College/CTE/graduate/false,
302
https://webapp4-qa.asu.edu/programs/t5/majorinfo/ASU00/LAHISMIN/undergrad/true,
302
https://webapp4-qa.asu.edu/programs/t5/majorinfo/ASU00/SUFSUCERT/undergrad/true,
302
https://wpcarey.asu.edu/events/3251,
200
http://asu.edu/parking/maps/tempe-current.pdf,
301
https://publicservice.asu.edu/content/action-advocacy-arts,
200
https://washingtondc.asu.edu/our-dc-portfolio,
200
https://www.asu.edu/?feature=research,
200
https://asuonline.asu.edu/about-us/newsroom/using-technology-engage-nontraditional-student,
200
https://wpcarey.asu.edu/finance-degrees,
200
http://ecee.engineering.asu.edu/,
200
https://www.law.asu.edu/admissions/Admissions/DegreePrograms/LLMMasterofLawsPrograms.aspx,
200
https://students.asu.edu/print/11750,
200
https://students.asu.edu/changingmajors,
200
https://campus.asu.edu/west/students,
200
http://www.asu.edu/aad/manuals/ssm/ssm107-01.html,
200
https://asuevents.asu.edu/west,
200
https://weblogin.asu.edu/cgi-bin/login?callapp=https%3A%2F%2Fwebapp4-qa.asu.edu%2Fprograms%2Ft5%2Fprograms%2F